-- phpMyAdmin SQL Dump
-- version 5.1.1
-- https://www.phpmyadmin.net/
--
-- Host: 127.0.0.1
-- Generation Time: Oct 21, 2021 at 09:37 AM
-- Server version: 10.4.21-MariaDB
-- PHP Version: 7.4.24

SET SQL_MODE = "NO_AUTO_VALUE_ON_ZERO";
START TRANSACTION;
SET time_zone = "+00:00";


/*!40101 SET @OLD_CHARACTER_SET_CLIENT=@@CHARACTER_SET_CLIENT */;
/*!40101 SET @OLD_CHARACTER_SET_RESULTS=@@CHARACTER_SET_RESULTS */;
/*!40101 SET @OLD_COLLATION_CONNECTION=@@COLLATION_CONNECTION */;
/*!40101 SET NAMES utf8mb4 */;

--
-- Database: `quiz_app`
--

-- --------------------------------------------------------

--
-- Table structure for table `failed_jobs`
--

CREATE TABLE `failed_jobs` (
  `id` bigint(20) UNSIGNED NOT NULL,
  `uuid` varchar(191) COLLATE utf8mb4_unicode_ci NOT NULL,
  `connection` text COLLATE utf8mb4_unicode_ci NOT NULL,
  `queue` text COLLATE utf8mb4_unicode_ci NOT NULL,
  `payload` longtext COLLATE utf8mb4_unicode_ci NOT NULL,
  `exception` longtext COLLATE utf8mb4_unicode_ci NOT NULL,
  `failed_at` timestamp NOT NULL DEFAULT current_timestamp()
) ENGINE=InnoDB DEFAULT CHARSET=utf8mb4 COLLATE=utf8mb4_unicode_ci;

-- --------------------------------------------------------

--
-- Table structure for table `languages`
--

CREATE TABLE `languages` (
  `id` int(10) UNSIGNED NOT NULL,
  `language_id` text COLLATE utf8mb4_unicode_ci NOT NULL,
  `language_name` text COLLATE utf8mb4_unicode_ci NOT NULL,
  `created_at` timestamp NULL DEFAULT NULL,
  `updated_at` timestamp NULL DEFAULT NULL
) ENGINE=InnoDB DEFAULT CHARSET=utf8mb4 COLLATE=utf8mb4_unicode_ci;

--
-- Dumping data for table `languages`
--

INSERT INTO `languages` (`id`, `language_id`, `language_name`, `created_at`, `updated_at`) VALUES
(1, 'ab', 'Abkhazian', '2021-07-13 01:51:05', '2021-07-13 01:51:05'),
(2, 'aa', 'Afar', '2021-07-13 01:51:05', '2021-07-13 01:51:05'),
(3, 'af', 'Afrikaans', '2021-07-13 01:51:05', '2021-07-13 01:51:05'),
(4, 'ak', 'Akan', '2021-07-13 01:51:05', '2021-07-13 01:51:05'),
(5, 'sq', 'Albanian', '2021-07-13 01:51:05', '2021-07-13 01:51:05'),
(6, 'am', 'Amharic', '2021-07-13 01:51:05', '2021-07-13 01:51:05'),
(7, 'ar', 'Arabic', '2021-07-13 01:51:05', '2021-07-13 01:51:05'),
(8, 'an', 'Aragonese', '2021-07-13 01:51:05', '2021-07-13 01:51:05'),
(9, 'hy', 'Armenian', '2021-07-13 01:51:05', '2021-07-13 01:51:05'),
(10, 'as', 'Assamese', '2021-07-13 01:51:05', '2021-07-13 01:51:05'),
(11, 'av', 'Avaric', '2021-07-13 01:51:05', '2021-07-13 01:51:05'),
(12, 'ae', 'Avestan', '2021-07-13 01:51:05', '2021-07-13 01:51:05'),
(13, 'ay', 'Aymara', '2021-07-13 01:51:05', '2021-07-13 01:51:05'),
(14, 'az', 'Azerbaijani', '2021-07-13 01:51:05', '2021-07-13 01:51:05'),
(15, 'bm', 'Bambara', '2021-07-13 01:51:05', '2021-07-13 01:51:05'),
(16, 'ba', 'Bashkir', '2021-07-13 01:51:05', '2021-07-13 01:51:05'),
(17, 'eu', 'Basque', '2021-07-13 01:51:05', '2021-07-13 01:51:05'),
(18, 'be', 'Belarusian', '2021-07-13 01:51:05', '2021-07-13 01:51:05'),
(19, 'bn', 'Bengali', '2021-07-13 01:51:05', '2021-07-13 01:51:05'),
(20, 'bh', 'Bihari languages', '2021-07-13 01:51:05', '2021-07-13 01:51:05'),
(21, 'bi', 'Bislama', '2021-07-13 01:51:05', '2021-07-13 01:51:05'),
(22, 'bs', 'Bosnian', '2021-07-13 01:51:05', '2021-07-13 01:51:05'),
(23, 'br', 'Breton', '2021-07-13 01:51:05', '2021-07-13 01:51:05'),
(24, 'bg', 'Bulgarian', '2021-07-13 01:51:05', '2021-07-13 01:51:05'),
(25, 'my', 'Burmese', '2021-07-13 01:51:05', '2021-07-13 01:51:05'),
(26, 'ca', 'Catalan, Valcodeian', '2021-07-13 01:51:05', '2021-07-13 01:51:05'),
(27, 'km', 'Central Khmer', '2021-07-13 01:51:05', '2021-07-13 01:51:05'),
(28, 'ch', 'Chamorro', '2021-07-13 01:51:05', '2021-07-13 01:51:05'),
(29, 'ce', 'Chechen', '2021-07-13 01:51:05', '2021-07-13 01:51:05'),
(30, 'ny', 'Chichewa, Chewa, Nyanja', '2021-07-13 01:51:05', '2021-07-13 01:51:05'),
(31, 'zh', 'Chinese', '2021-07-13 01:51:05', '2021-07-13 01:51:05'),
(32, 'cu', 'Church Slavonic, Old Bulgarian, Old Church Slavonic', '2021-07-13 01:51:05', '2021-07-13 01:51:05'),
(33, 'cv', 'Chuvash', '2021-07-13 01:51:05', '2021-07-13 01:51:05'),
(34, 'kw', 'Cornish', '2021-07-13 01:51:05', '2021-07-13 01:51:05'),
(35, 'co', 'Corsican', '2021-07-13 01:51:05', '2021-07-13 01:51:05'),
(36, 'cr', 'Cree', '2021-07-13 01:51:05', '2021-07-13 01:51:05'),
(37, 'hr', 'Croatian', '2021-07-13 01:51:05', '2021-07-13 01:51:05'),
(38, 'cs', 'Czech', '2021-07-13 01:51:05', '2021-07-13 01:51:05'),
(39, 'da', 'Danish', '2021-07-13 01:51:05', '2021-07-13 01:51:05'),
(40, 'dv', 'Divehi, Dhivehi, Maldivian', '2021-07-13 01:51:05', '2021-07-13 01:51:05'),
(41, 'nl', 'Dutch, Flemish', '2021-07-13 01:51:05', '2021-07-13 01:51:05'),
(42, 'dz', 'Dzongkha', '2021-07-13 01:51:05', '2021-07-13 01:51:05'),
(43, 'en', 'English', '2021-07-13 01:51:05', '2021-07-13 01:51:05'),
(44, 'eo', 'Esperanto', '2021-07-13 01:51:05', '2021-07-13 01:51:05'),
(45, 'et', 'Estonian', '2021-07-13 01:51:05', '2021-07-13 01:51:05'),
(46, 'ee', 'Ewe', '2021-07-13 01:51:05', '2021-07-13 01:51:05'),
(47, 'fo', 'Faroese', '2021-07-13 01:51:05', '2021-07-13 01:51:05'),
(48, 'fj', 'Fijian', '2021-07-13 01:51:05', '2021-07-13 01:51:05'),
(49, 'fi', 'Finnish', '2021-07-13 01:51:05', '2021-07-13 01:51:05'),
(50, 'fr', 'Frcodeh', '2021-07-13 01:51:05', '2021-07-13 01:51:05'),
(51, 'ff', 'Fulah', '2021-07-13 01:51:05', '2021-07-13 01:51:05'),
(52, 'gd', 'Gaelic, Scottish Gaelic', '2021-07-13 01:51:05', '2021-07-13 01:51:05'),
(53, 'gl', 'Galician', '2021-07-13 01:51:05', '2021-07-13 01:51:05'),
(54, 'lg', 'Ganda', '2021-07-13 01:51:05', '2021-07-13 01:51:05'),
(55, 'ka', 'Georgian', '2021-07-13 01:51:05', '2021-07-13 01:51:05'),
(56, 'de', 'German', '2021-07-13 01:51:05', '2021-07-13 01:51:05'),
(57, 'ki', 'Gikuyu, Kikuyu', '2021-07-13 01:51:05', '2021-07-13 01:51:05'),
(58, 'el', 'Greek (Modern)', '2021-07-13 01:51:05', '2021-07-13 01:51:05'),
(59, 'kl', 'Greenlandic, Kalaallisut', '2021-07-13 01:51:05', '2021-07-13 01:51:05'),
(60, 'gn', 'Guarani', '2021-07-13 01:51:05', '2021-07-13 01:51:05'),
(61, 'gu', 'Gujarati', '2021-07-13 01:51:05', '2021-07-13 01:51:05'),
(62, 'ht', 'Haitian, Haitian Creole', '2021-07-13 01:51:05', '2021-07-13 01:51:05'),
(63, 'ha', 'Hausa', '2021-07-13 01:51:05', '2021-07-13 01:51:05'),
(64, 'he', 'Hebrew', '2021-07-13 01:51:05', '2021-07-13 01:51:05'),
(65, 'hz', 'Herero', '2021-07-13 01:51:05', '2021-07-13 01:51:05'),
(66, 'hi', 'Hindi', '2021-07-13 01:51:05', '2021-07-13 01:51:05'),
(67, 'ho', 'Hiri Motu', '2021-07-13 01:51:05', '2021-07-13 01:51:05'),
(68, 'hu', 'Hungarian', '2021-07-13 01:51:05', '2021-07-13 01:51:05'),
(69, 'is', 'Icelandic', '2021-07-13 01:51:05', '2021-07-13 01:51:05'),
(70, 'io', 'Ido', '2021-07-13 01:51:05', '2021-07-13 01:51:05'),
(71, 'ig', 'Igbo', '2021-07-13 01:51:05', '2021-07-13 01:51:05'),
(72, 'id', 'Indonesian', '2021-07-13 01:51:05', '2021-07-13 01:51:05'),
(73, 'ia', 'Interlingua (International Auxiliary Language Association)', '2021-07-13 01:51:05', '2021-07-13 01:51:05'),
(74, 'ie', 'Interlingue', '2021-07-13 01:51:05', '2021-07-13 01:51:05'),
(75, 'iu', 'Inuktitut', '2021-07-13 01:51:05', '2021-07-13 01:51:05'),
(76, 'ik', 'Inupiaq', '2021-07-13 01:51:05', '2021-07-13 01:51:05'),
(77, 'ga', 'Irish', '2021-07-13 01:51:05', '2021-07-13 01:51:05'),
(78, 'it', 'Italian', '2021-07-13 01:51:05', '2021-07-13 01:51:05'),
(79, 'ja', 'Japanese', '2021-07-13 01:51:05', '2021-07-13 01:51:05'),
(80, 'jv', 'Javanese', '2021-07-13 01:51:05', '2021-07-13 01:51:05'),
(81, 'kn', 'Kannada', '2021-07-13 01:51:05', '2021-07-13 01:51:05'),
(82, 'kr', 'Kanuri', '2021-07-13 01:51:05', '2021-07-13 01:51:05'),
(83, 'ks', 'Kashmiri', '2021-07-13 01:51:05', '2021-07-13 01:51:05'),
(84, 'kk', 'Kazakh', '2021-07-13 01:51:05', '2021-07-13 01:51:05'),
(85, 'rw', 'Kinyarwanda', '2021-07-13 01:51:05', '2021-07-13 01:51:05'),
(86, 'kv', 'Komi', '2021-07-13 01:51:05', '2021-07-13 01:51:05'),
(87, 'kg', 'Kongo', '2021-07-13 01:51:05', '2021-07-13 01:51:05'),
(88, 'ko', 'Korean', '2021-07-13 01:51:05', '2021-07-13 01:51:05'),
(89, 'kj', 'Kwanyama, Kuanyama', '2021-07-13 01:51:05', '2021-07-13 01:51:05'),
(90, 'ku', 'Kurdish', '2021-07-13 01:51:05', '2021-07-13 01:51:05'),
(91, 'ky', 'Kyrgyz', '2021-07-13 01:51:05', '2021-07-13 01:51:05'),
(92, 'lo', 'Lao', '2021-07-13 01:51:05', '2021-07-13 01:51:05'),
(93, 'la', 'Latin', '2021-07-13 01:51:05', '2021-07-13 01:51:05'),
(94, 'lv', 'Latvian', '2021-07-13 01:51:05', '2021-07-13 01:51:05'),
(95, 'lb', 'Letzeburgesch, Luxembourgish', '2021-07-13 01:51:05', '2021-07-13 01:51:05'),
(96, 'li', 'Limburgish, Limburgan, Limburger', '2021-07-13 01:51:05', '2021-07-13 01:51:05'),
(97, 'ln', 'Lingala', '2021-07-13 01:51:05', '2021-07-13 01:51:05'),
(98, 'lt', 'Lithuanian', '2021-07-13 01:51:05', '2021-07-13 01:51:05'),
(99, 'lu', 'Luba-Katanga', '2021-07-13 01:51:05', '2021-07-13 01:51:05'),
(100, 'mk', 'Macedonian', '2021-07-13 01:51:05', '2021-07-13 01:51:05'),
(101, 'mg', 'Malagasy', '2021-07-13 01:51:05', '2021-07-13 01:51:05'),
(102, 'ms', 'Malay', '2021-07-13 01:51:05', '2021-07-13 01:51:05'),
(103, 'ml', 'Malayalam', '2021-07-13 01:51:05', '2021-07-13 01:51:05'),
(104, 'mt', 'Maltese', '2021-07-13 01:51:05', '2021-07-13 01:51:05'),
(105, 'gv', 'Manx', '2021-07-13 01:51:05', '2021-07-13 01:51:05'),
(106, 'mi', 'Maori', '2021-07-13 01:51:05', '2021-07-13 01:51:05'),
(107, 'mr', 'Marathi', '2021-07-13 01:51:05', '2021-07-13 01:51:05'),
(108, 'mh', 'Marshallese', '2021-07-13 01:51:05', '2021-07-13 01:51:05'),
(109, 'ro', 'Moldovan, Moldavian, Romanian', '2021-07-13 01:51:05', '2021-07-13 01:51:05'),
(110, 'mn', 'Mongolian', '2021-07-13 01:51:05', '2021-07-13 01:51:05'),
(111, 'na', 'Nauru', '2021-07-13 01:51:05', '2021-07-13 01:51:05'),
(112, 'nv', 'Navajo, Navaho', '2021-07-13 01:51:05', '2021-07-13 01:51:05'),
(113, 'nd', 'Northern Ndebele', '2021-07-13 01:51:05', '2021-07-13 01:51:05'),
(114, 'ng', 'Ndonga', '2021-07-13 01:51:05', '2021-07-13 01:51:05'),
(115, 'ne', 'Nepali', '2021-07-13 01:51:05', '2021-07-13 01:51:05'),
(116, 'se', 'Northern Sami', '2021-07-13 01:51:05', '2021-07-13 01:51:05'),
(117, 'no', 'Norwegian', '2021-07-13 01:51:05', '2021-07-13 01:51:05'),
(118, 'nb', 'Norwegian Bokmål', '2021-07-13 01:51:05', '2021-07-13 01:51:05'),
(119, 'nn', 'Norwegian Nynorsk', '2021-07-13 01:51:05', '2021-07-13 01:51:05'),
(120, 'ii', 'Nuosu, Sichuan Yi', '2021-07-13 01:51:05', '2021-07-13 01:51:05'),
(121, 'oc', 'Occitan (post 1500)', '2021-07-13 01:51:05', '2021-07-13 01:51:05'),
(122, 'oj', 'Ojibwa', '2021-07-13 01:51:05', '2021-07-13 01:51:05'),
(123, 'or', 'Oriya', '2021-07-13 01:51:05', '2021-07-13 01:51:05'),
(124, 'om', 'Oromo', '2021-07-13 01:51:05', '2021-07-13 01:51:05'),
(125, 'os', 'Ossetian, Ossetic', '2021-07-13 01:51:05', '2021-07-13 01:51:05'),
(126, 'pi', 'Pali', '2021-07-13 01:51:05', '2021-07-13 01:51:05'),
(127, 'pa', 'Panjabi, Punjabi', '2021-07-13 01:51:05', '2021-07-13 01:51:05'),
(128, 'ps', 'Pashto, Pushto', '2021-07-13 01:51:05', '2021-07-13 01:51:05'),
(129, 'fa', 'Persian', '2021-07-13 01:51:05', '2021-07-13 01:51:05'),
(130, 'pl', 'Polish', '2021-07-13 01:51:05', '2021-07-13 01:51:05'),
(131, 'pt', 'Portuguese', '2021-07-13 01:51:05', '2021-07-13 01:51:05'),
(132, 'qu', 'Quechua', '2021-07-13 01:51:05', '2021-07-13 01:51:05'),
(133, 'rm', 'Romansh', '2021-07-13 01:51:05', '2021-07-13 01:51:05'),
(134, 'rn', 'Rundi', '2021-07-13 01:51:05', '2021-07-13 01:51:05'),
(135, 'ru', 'Russian', '2021-07-13 01:51:05', '2021-07-13 01:51:05'),
(136, 'sm', 'Samoan', '2021-07-13 01:51:05', '2021-07-13 01:51:05'),
(137, 'sg', 'Sango', '2021-07-13 01:51:05', '2021-07-13 01:51:05'),
(138, 'sa', 'Sanskrit', '2021-07-13 01:51:05', '2021-07-13 01:51:05'),
(139, 'sc', 'Sardinian', '2021-07-13 01:51:05', '2021-07-13 01:51:05'),
(140, 'sr', 'Serbian', '2021-07-13 01:51:05', '2021-07-13 01:51:05'),
(141, 'sn', 'Shona', '2021-07-13 01:51:05', '2021-07-13 01:51:05'),
(142, 'sd', 'Sindhi', '2021-07-13 01:51:05', '2021-07-13 01:51:05'),
(143, 'si', 'Sinhala, Sinhalese', '2021-07-13 01:51:05', '2021-07-13 01:51:05'),
(144, 'sk', 'Slovak', '2021-07-13 01:51:05', '2021-07-13 01:51:05'),
(145, 'sl', 'Slovenian', '2021-07-13 01:51:05', '2021-07-13 01:51:05'),
(146, 'so', 'Somali', '2021-07-13 01:51:05', '2021-07-13 01:51:05'),
(147, 'st', 'Sotho, Southern', '2021-07-13 01:51:05', '2021-07-13 01:51:05'),
(148, 'nr', 'South Ndebele', '2021-07-13 01:51:05', '2021-07-13 01:51:05'),
(149, 'es', 'Spanish, Castilian', '2021-07-13 01:51:05', '2021-07-13 01:51:05'),
(150, 'su', 'Sundanese', '2021-07-13 01:51:05', '2021-07-13 01:51:05'),
(151, 'sw', 'Swahili', '2021-07-13 01:51:05', '2021-07-13 01:51:05'),
(152, 'ss', 'Swati', '2021-07-13 01:51:05', '2021-07-13 01:51:05'),
(153, 'sv', 'Swedish', '2021-07-13 01:51:05', '2021-07-13 01:51:05'),
(154, 'tl', 'Tagalog', '2021-07-13 01:51:05', '2021-07-13 01:51:05'),
(155, 'ty', 'Tahitian', '2021-07-13 01:51:05', '2021-07-13 01:51:05'),
(156, 'tg', 'Tajik', '2021-07-13 01:51:05', '2021-07-13 01:51:05'),
(157, 'ta', 'Tamil', '2021-07-13 01:51:05', '2021-07-13 01:51:05'),
(158, 'tt', 'Tatar', '2021-07-13 01:51:05', '2021-07-13 01:51:05'),
(159, 'te', 'Telugu', '2021-07-13 01:51:05', '2021-07-13 01:51:05'),
(160, 'th', 'Thai', '2021-07-13 01:51:05', '2021-07-13 01:51:05'),
(161, 'bo', 'Tibetan', '2021-07-13 01:51:05', '2021-07-13 01:51:05'),
(162, 'ti', 'Tigrinya', '2021-07-13 01:51:05', '2021-07-13 01:51:05'),
(163, 'to', 'Tonga (Tonga Islands)', '2021-07-13 01:51:05', '2021-07-13 01:51:05'),
(164, 'ts', 'Tsonga', '2021-07-13 01:51:05', '2021-07-13 01:51:05'),
(165, 'tn', 'Tswana', '2021-07-13 01:51:05', '2021-07-13 01:51:05'),
(166, 'tr', 'Turkish', '2021-07-13 01:51:05', '2021-07-13 01:51:05'),
(167, 'tk', 'Turkmen', '2021-07-13 01:51:05', '2021-07-13 01:51:05'),
(168, 'tw', 'Twi', '2021-07-13 01:51:05', '2021-07-13 01:51:05'),
(169, 'ug', 'Uighur, Uyghur', '2021-07-13 01:51:05', '2021-07-13 01:51:05'),
(170, 'uk', 'Ukrainian', '2021-07-13 01:51:05', '2021-07-13 01:51:05'),
(171, 'ur', 'Urdu', '2021-07-13 01:51:05', '2021-07-13 01:51:05'),
(172, 'uz', 'Uzbek', '2021-07-13 01:51:05', '2021-07-13 01:51:05'),
(173, 've', 'Venda', '2021-07-13 01:51:05', '2021-07-13 01:51:05'),
(174, 'vi', 'Vietnamese', '2021-07-13 01:51:05', '2021-07-13 01:51:05'),
(175, 'vo', 'Volap_k', '2021-07-13 01:51:05', '2021-07-13 01:51:05'),
(176, 'wa', 'Walloon', '2021-07-13 01:51:05', '2021-07-13 01:51:05'),
(177, 'cy', 'Welsh', '2021-07-13 01:51:05', '2021-07-13 01:51:05'),
(178, 'fy', 'Western Frisian', '2021-07-13 01:51:05', '2021-07-13 01:51:05'),
(179, 'wo', 'Wolof', '2021-07-13 01:51:05', '2021-07-13 01:51:05'),
(180, 'xh', 'Xhosa', '2021-07-13 01:51:05', '2021-07-13 01:51:05'),
(181, 'yi', 'Yiddish', '2021-07-13 01:51:05', '2021-07-13 01:51:05'),
(182, 'yo', 'Yoruba', '2021-07-13 01:51:05', '2021-07-13 01:51:05'),
(183, 'za', 'Zhuang, Chuang', '2021-07-13 01:51:05', '2021-07-13 01:51:05'),
(184, 'zu', 'Zulu', '2021-07-13 01:51:05', '2021-07-13 01:51:05');

-- --------------------------------------------------------

--
-- Table structure for table `migrations`
--

CREATE TABLE `migrations` (
  `id` int(10) UNSIGNED NOT NULL,
  `migration` varchar(191) COLLATE utf8mb4_unicode_ci NOT NULL,
  `batch` int(11) NOT NULL
) ENGINE=InnoDB DEFAULT CHARSET=utf8mb4 COLLATE=utf8mb4_unicode_ci;

--
-- Dumping data for table `migrations`
--

INSERT INTO `migrations` (`id`, `migration`, `batch`) VALUES
(1, '2014_10_12_000000_create_users_table', 1),
(2, '2014_10_12_100000_create_password_resets_table', 1),
(3, '2019_08_19_000000_create_failed_jobs_table', 1),
(4, '2021_06_22_165549_create_translations_table', 1),
(5, '2021_06_22_165950_create_languages_table', 1),
(6, '2021_07_05_002927_create_quizlists_table', 1),
(7, '2021_07_05_005634_create_quizlist_translations_table', 1),
(8, '2021_07_19_000429_create_stats_table', 2),
(9, '2021_08_06_171758_add_language_to_quizlist', 3),
(10, '2021_08_10_192109_add_quizlist_to_stats_table', 4),
(15, '2021_08_23_192539_add_game_mode_to_stats', 5),
(18, '2021_09_13_020131_add_nickname_to_users_table', 6),
(20, '2021_09_26_231649_add_owner_id_tostats_table', 7);

-- --------------------------------------------------------

--
-- Table structure for table `password_resets`
--

CREATE TABLE `password_resets` (
  `email` varchar(191) COLLATE utf8mb4_unicode_ci NOT NULL,
  `token` varchar(191) COLLATE utf8mb4_unicode_ci NOT NULL,
  `created_at` timestamp NULL DEFAULT NULL
) ENGINE=InnoDB DEFAULT CHARSET=utf8mb4 COLLATE=utf8mb4_unicode_ci;

-- --------------------------------------------------------

--
-- Table structure for table `quizlists`
--

CREATE TABLE `quizlists` (
  `id` int(10) UNSIGNED NOT NULL,
  `name` varchar(256) COLLATE utf8mb4_unicode_ci NOT NULL,
  `role` int(11) NOT NULL,
  `is_public` int(11) NOT NULL,
  `user_id` bigint(20) UNSIGNED NOT NULL,
  `language_1` bigint(20) UNSIGNED NOT NULL DEFAULT 43,
  `language_2` bigint(20) UNSIGNED NOT NULL DEFAULT 43,
  `created_at` timestamp NULL DEFAULT NULL,
  `updated_at` timestamp NULL DEFAULT NULL
) ENGINE=InnoDB DEFAULT CHARSET=utf8mb4 COLLATE=utf8mb4_unicode_ci;

--
-- Dumping data for table `quizlists`
--

INSERT INTO `quizlists` (`id`, `name`, `role`, `is_public`, `user_id`, `language_1`, `language_2`, `created_at`, `updated_at`) VALUES
(1, 'MainList', 0, 0, 1, 43, 149, '2021-07-13 01:51:06', '2021-08-06 17:29:26'),
(3, 'main list', 0, 0, 2, 43, 43, '2021-07-13 01:51:52', '2021-07-13 01:51:52'),
(5, 'main list', 0, 0, 3, 43, 43, '2021-07-26 23:05:30', '2021-07-26 23:05:30'),
(6, 'main list', 0, 0, 4, 43, 43, '2021-07-27 08:17:08', '2021-07-27 08:17:08'),
(7, 'main list', 0, 0, 5, 43, 43, '2021-07-27 08:17:44', '2021-07-27 08:17:44'),
(8, 'main list', 0, 0, 6, 43, 43, '2021-07-27 08:18:52', '2021-07-27 08:18:52'),
(9, 'main list', 0, 0, 7, 43, 43, '2021-07-27 08:19:18', '2021-07-27 08:19:18'),
(10, 'main list', 0, 0, 8, 43, 43, '2021-07-27 08:19:54', '2021-07-27 08:19:54'),
(11, 'main list', 0, 0, 9, 43, 43, '2021-07-27 08:20:29', '2021-07-27 08:20:29'),
(12, 'main list', 0, 0, 10, 43, 43, '2021-07-27 08:23:01', '2021-07-27 08:23:01'),
(13, 'main list', 0, 0, 11, 43, 43, '2021-07-28 06:06:09', '2021-07-28 06:06:09'),
(14, 'Asdfsdf', 1, 1, 1, 43, 149, '2021-08-06 17:35:47', '2021-08-06 17:35:47'),
(15, 'Test', 1, 1, 1, 16, 17, '2021-08-06 17:36:22', '2021-08-06 17:36:22'),
(27, 'main list', 0, 0, 12, 43, 43, '2021-09-15 00:09:48', '2021-09-15 00:09:48'),
(28, 'Test', 1, 1, 1, 16, 17, '2021-09-22 02:20:20', '2021-09-22 02:20:20'),
(33, 'Test', 1, 1, 1, 16, 17, '2021-09-22 05:03:53', '2021-09-22 05:03:53'),
(35, 'Test', 1, 1, 1, 16, 17, '2021-09-23 00:33:37', '2021-09-23 00:33:37'),
(36, 'main list', 0, 0, 13, 43, 43, '2021-09-30 02:06:33', '2021-09-30 02:06:33'),
(37, 'main list', 0, 0, 14, 43, 43, '2021-09-30 07:17:34', '2021-09-30 07:17:34'),
(38, 'main list', 0, 0, 15, 43, 43, '2021-09-30 07:21:36', '2021-09-30 07:21:36'),
(41, 'asdfasdf', 1, 1, 2, 14, 15, '2021-10-20 22:55:20', '2021-10-20 22:55:20');

-- --------------------------------------------------------

--
-- Table structure for table `quizlist_translations`
--

CREATE TABLE `quizlist_translations` (
  `id` int(10) UNSIGNED NOT NULL,
  `quizlist_id` int(10) UNSIGNED NOT NULL,
  `translation_id` int(10) UNSIGNED NOT NULL,
  `user_id` int(11) NOT NULL,
  `created_at` timestamp NULL DEFAULT NULL,
  `updated_at` timestamp NULL DEFAULT NULL
) ENGINE=InnoDB DEFAULT CHARSET=utf8mb4 COLLATE=utf8mb4_unicode_ci;

--
-- Dumping data for table `quizlist_translations`
--

INSERT INTO `quizlist_translations` (`id`, `quizlist_id`, `translation_id`, `user_id`, `created_at`, `updated_at`) VALUES
(2, 1, 2, 1, '2021-07-13 01:51:06', '2021-07-13 01:51:06'),
(3, 1, 3, 1, '2021-07-13 01:51:06', '2021-07-13 01:51:06'),
(4, 1, 4, 1, '2021-07-13 01:51:06', '2021-07-13 01:51:06'),
(6, 3, 6, 2, '2021-07-13 22:41:56', '2021-07-13 22:41:56'),
(7, 1, 7, 1, '2021-08-08 04:37:40', '2021-08-08 04:37:40'),
(8, 1, 1, 1, '2021-08-09 16:45:15', '2021-08-09 16:45:15'),
(9, 1, 8, 1, '2021-08-12 22:55:47', '2021-08-12 22:55:47'),
(10, 1, 9, 1, '2021-08-12 23:06:39', '2021-08-12 23:06:39'),
(11, 1, 10, 1, '2021-08-12 23:07:37', '2021-08-12 23:07:37'),
(14, 1, 13, 1, '2021-08-18 14:57:41', '2021-08-18 14:57:41'),
(15, 1, 14, 1, '2021-08-18 15:19:39', '2021-08-18 15:19:39'),
(115, 15, 114, 1, '2021-08-30 23:04:44', '2021-08-31 04:22:04'),
(117, 27, 116, 12, '2021-09-18 18:26:43', '2021-09-18 18:26:43'),
(118, 28, 117, 1, '2021-09-22 02:20:32', '2021-09-22 02:20:32'),
(119, 28, 118, 1, '2021-09-22 02:20:33', '2021-09-22 02:20:33'),
(132, 33, 131, 1, '2021-09-22 05:03:53', '2021-09-22 05:03:53'),
(133, 33, 132, 1, '2021-09-22 05:03:54', '2021-09-22 05:03:54'),
(137, 35, 136, 1, '2021-09-23 00:33:38', '2021-09-23 00:33:38'),
(138, 35, 137, 1, '2021-09-23 00:33:38', '2021-09-23 00:33:38'),
(139, 1, 138, 1, '2021-10-06 16:36:53', '2021-10-06 16:36:53');

-- --------------------------------------------------------

--
-- Table structure for table `stats`
--

CREATE TABLE `stats` (
  `id` bigint(20) UNSIGNED NOT NULL,
  `user_id` int(11) NOT NULL,
  `owner_id` bigint(20) UNSIGNED NOT NULL DEFAULT 0,
  `quizlist_id` bigint(20) UNSIGNED NOT NULL DEFAULT 1,
  `translation_id` int(11) NOT NULL,
  `quiz_mode` tinyint(3) UNSIGNED NOT NULL DEFAULT 0 COMMENT '0=translation, 1=smallsmartkeyboard',
  `answer_vocabulary` int(11) NOT NULL,
  `answer_sentence` int(11) NOT NULL,
  `created_at` timestamp NULL DEFAULT NULL,
  `updated_at` timestamp NULL DEFAULT NULL
) ENGINE=InnoDB DEFAULT CHARSET=utf8mb4 COLLATE=utf8mb4_unicode_ci;

--
-- Dumping data for table `stats`
--

INSERT INTO `stats` (`id`, `user_id`, `owner_id`, `quizlist_id`, `translation_id`, `quiz_mode`, `answer_vocabulary`, `answer_sentence`, `created_at`, `updated_at`) VALUES
(1, 1, 0, 1, 1, 0, 0, 2, '2021-07-20 22:28:46', '2021-07-20 22:28:46'),
(2, 1, 0, 1, 1, 0, 1, 2, '2021-07-20 22:29:36', '2021-07-20 22:29:36'),
(3, 1, 0, 1, 1, 0, 1, 0, '2021-07-20 22:30:06', '2021-07-20 22:30:06'),
(4, 1, 0, 1, 1, 0, 1, 1, '2021-07-20 22:30:18', '2021-07-20 22:30:18'),
(5, 1, 0, 1, 2, 0, 0, 2, '2021-07-26 23:10:26', '2021-07-26 23:10:26'),
(6, 1, 0, 1, 4, 0, 1, 2, '2021-07-26 23:11:30', '2021-07-26 23:11:30'),
(7, 1, 0, 1, 1, 0, 1, 2, '2021-07-26 23:21:07', '2021-07-26 23:21:07'),
(8, 1, 0, 1, 1, 0, 1, 2, '2021-07-26 23:21:12', '2021-07-26 23:21:12'),
(9, 1, 0, 1, 2, 0, 0, 2, '2021-07-26 23:22:43', '2021-07-26 23:22:43'),
(10, 1, 0, 1, 3, 0, 0, 2, '2021-07-26 23:23:13', '2021-07-26 23:23:13'),
(11, 1, 0, 1, 2, 0, 0, 2, '2021-07-26 23:23:30', '2021-07-26 23:23:30'),
(12, 1, 0, 1, 2, 0, 0, 2, '2021-07-26 23:23:53', '2021-07-26 23:23:53'),
(13, 1, 0, 1, 4, 0, 0, 2, '2021-07-26 23:24:31', '2021-07-26 23:24:31'),
(14, 1, 0, 1, 4, 0, 0, 2, '2021-07-26 23:24:53', '2021-07-26 23:24:53'),
(15, 1, 0, 1, 3, 0, 0, 2, '2021-07-26 23:25:40', '2021-07-26 23:25:40'),
(16, 1, 0, 1, 2, 0, 0, 2, '2021-07-26 23:26:52', '2021-07-26 23:26:52'),
(17, 1, 0, 1, 3, 0, 0, 2, '2021-07-26 23:27:06', '2021-07-26 23:27:06'),
(18, 1, 0, 1, 3, 0, 0, 2, '2021-07-26 23:27:59', '2021-07-26 23:27:59'),
(19, 1, 0, 1, 3, 0, 0, 2, '2021-07-26 23:28:08', '2021-07-26 23:28:08'),
(20, 1, 0, 1, 4, 0, 0, 2, '2021-07-26 23:28:16', '2021-07-26 23:28:16'),
(21, 1, 0, 1, 4, 0, 1, 2, '2021-07-26 23:28:23', '2021-07-26 23:28:23'),
(22, 1, 0, 1, 3, 0, 0, 2, '2021-07-29 00:35:21', '2021-07-29 00:35:21'),
(23, 1, 0, 1, 4, 0, 0, 2, '2021-08-04 00:47:45', '2021-08-04 00:47:45'),
(24, 1, 0, 1, 2, 0, 0, 2, '2021-08-04 00:47:49', '2021-08-04 00:47:49'),
(25, 1, 0, 1, 3, 0, 0, 2, '2021-08-04 00:47:52', '2021-08-04 00:47:52'),
(26, 1, 0, 1, 3, 0, 0, 0, '2021-08-08 04:48:41', '2021-08-08 04:48:41'),
(27, 1, 0, 1, 3, 0, 0, 0, '2021-08-08 04:49:34', '2021-08-08 04:49:34'),
(28, 1, 0, 1, 3, 0, 0, 0, '2021-08-08 04:50:10', '2021-08-08 04:50:10'),
(29, 1, 0, 1, 4, 0, 1, 0, '2021-08-08 04:51:05', '2021-08-08 04:51:05'),
(30, 1, 0, 1, 4, 0, 1, 0, '2021-08-08 04:51:17', '2021-08-08 04:51:17'),
(31, 1, 0, 1, 3, 0, 1, 0, '2021-08-08 04:52:48', '2021-08-08 04:52:48'),
(32, 1, 0, 1, 5, 0, 0, 0, '2021-08-09 23:15:34', '2021-08-09 23:15:34'),
(33, 1, 0, 1, 4, 0, 0, 0, '2021-08-09 23:17:55', '2021-08-09 23:17:55'),
(34, 1, 0, 1, 5, 0, 0, 0, '2021-08-09 23:18:53', '2021-08-09 23:18:53'),
(35, 1, 0, 1, 5, 0, 0, 0, '2021-08-09 23:19:33', '2021-08-09 23:19:33'),
(36, 1, 0, 1, 5, 0, 0, 0, '2021-08-09 23:20:36', '2021-08-09 23:20:36'),
(37, 1, 0, 1, 5, 0, 0, 0, '2021-08-09 23:20:45', '2021-08-09 23:20:45'),
(38, 1, 0, 1, 5, 0, 0, 0, '2021-08-09 23:23:39', '2021-08-09 23:23:39'),
(39, 1, 0, 1, 5, 0, 0, 0, '2021-08-09 23:24:04', '2021-08-09 23:24:04'),
(40, 1, 0, 1, 5, 0, 0, 0, '2021-08-09 23:25:15', '2021-08-09 23:25:15'),
(41, 1, 0, 1, 5, 0, 0, 0, '2021-08-09 23:25:19', '2021-08-09 23:25:19'),
(42, 1, 0, 1, 5, 0, 0, 0, '2021-08-09 23:26:43', '2021-08-09 23:26:43'),
(43, 1, 0, 1, 5, 0, 0, 0, '2021-08-09 23:27:05', '2021-08-09 23:27:05'),
(44, 1, 0, 1, 5, 0, 0, 0, '2021-08-10 17:27:53', '2021-08-10 17:27:53'),
(45, 1, 0, 4, 5, 0, 1, 0, '2021-08-10 17:46:31', '2021-08-10 17:46:31'),
(46, 1, 0, 4, 5, 0, 1, 0, '2021-08-10 17:47:35', '2021-08-10 17:47:35'),
(47, 1, 0, 4, 5, 0, 0, 0, '2021-08-10 17:48:09', '2021-08-10 17:48:09'),
(48, 1, 0, 4, 5, 0, 0, 0, '2021-08-10 17:48:20', '2021-08-10 17:48:20'),
(49, 1, 0, 4, 5, 0, 0, 0, '2021-08-11 17:27:00', '2021-08-11 17:27:00'),
(50, 1, 0, 1, 7, 0, 0, 0, '2021-08-11 23:49:01', '2021-08-11 23:49:01'),
(51, 1, 0, 1, 4, 0, 1, 0, '2021-08-11 23:50:03', '2021-08-11 23:50:03'),
(52, 1, 0, 1, 4, 0, 1, 0, '2021-08-11 23:50:08', '2021-08-11 23:50:08'),
(53, 1, 0, 1, 4, 0, 1, 0, '2021-08-11 23:50:48', '2021-08-11 23:50:48'),
(54, 1, 0, 1, 7, 0, 0, 0, '2021-08-12 01:06:01', '2021-08-12 01:06:01'),
(55, 1, 0, 1, 2, 0, 0, 0, '2021-08-12 01:09:45', '2021-08-12 01:09:45'),
(56, 1, 0, 4, 5, 0, 1, 0, '2021-08-12 01:10:24', '2021-08-12 01:10:24'),
(57, 1, 0, 4, 5, 0, 1, 0, '2021-08-12 01:10:55', '2021-08-12 01:10:55'),
(58, 1, 0, 4, 5, 0, 1, 0, '2021-08-12 01:11:33', '2021-08-12 01:11:33'),
(59, 1, 0, 4, 5, 0, 1, 0, '2021-08-12 01:12:47', '2021-08-12 01:12:47'),
(60, 1, 0, 4, 5, 0, 1, 0, '2021-08-12 01:14:36', '2021-08-12 01:14:36'),
(61, 1, 0, 4, 5, 0, 1, 0, '2021-08-12 01:14:46', '2021-08-12 01:14:46'),
(62, 1, 0, 4, 5, 0, 1, 0, '2021-08-12 01:15:43', '2021-08-12 01:15:43'),
(63, 1, 0, 4, 5, 0, 1, 0, '2021-08-12 01:16:27', '2021-08-12 01:16:27'),
(64, 1, 0, 4, 5, 0, 1, 0, '2021-08-12 01:16:38', '2021-08-12 01:16:38'),
(65, 1, 0, 4, 5, 0, 1, 0, '2021-08-12 01:17:49', '2021-08-12 01:17:49'),
(66, 1, 0, 4, 5, 0, 1, 0, '2021-08-12 01:18:40', '2021-08-12 01:18:40'),
(67, 1, 0, 4, 5, 0, 1, 0, '2021-08-12 01:19:26', '2021-08-12 01:19:26'),
(68, 1, 0, 4, 5, 0, 1, 0, '2021-08-12 01:20:59', '2021-08-12 01:20:59'),
(69, 1, 0, 1, 3, 0, 0, 0, '2021-08-12 01:21:13', '2021-08-12 01:21:13'),
(70, 1, 0, 1, 7, 0, 0, 0, '2021-08-12 01:21:17', '2021-08-12 01:21:17'),
(71, 1, 0, 1, 1, 0, 0, 0, '2021-08-12 01:21:20', '2021-08-12 01:21:20'),
(72, 1, 0, 1, 4, 0, 0, 0, '2021-08-12 01:21:23', '2021-08-12 01:21:23'),
(73, 1, 0, 1, 2, 0, 0, 0, '2021-08-12 01:21:25', '2021-08-12 01:21:25'),
(74, 1, 0, 1, 3, 0, 0, 0, '2021-08-12 01:22:06', '2021-08-12 01:22:06'),
(75, 1, 0, 1, 2, 0, 0, 0, '2021-08-12 01:22:08', '2021-08-12 01:22:08'),
(76, 1, 0, 1, 1, 0, 0, 0, '2021-08-12 01:22:10', '2021-08-12 01:22:10'),
(77, 1, 0, 1, 4, 0, 0, 0, '2021-08-12 01:22:13', '2021-08-12 01:22:13'),
(78, 1, 0, 1, 7, 0, 0, 0, '2021-08-12 01:22:23', '2021-08-12 01:22:23'),
(79, 1, 0, 1, 1, 0, 0, 0, '2021-08-12 01:24:48', '2021-08-12 01:24:48'),
(80, 1, 0, 1, 3, 0, 1, 0, '2021-08-12 01:25:06', '2021-08-12 01:25:06'),
(81, 1, 0, 1, 4, 0, 0, 0, '2021-08-12 01:25:19', '2021-08-12 01:25:19'),
(82, 1, 0, 1, 1, 0, 0, 0, '2021-08-12 01:28:17', '2021-08-12 01:28:17'),
(83, 1, 0, 1, 4, 0, 0, 0, '2021-08-12 01:28:19', '2021-08-12 01:28:19'),
(84, 1, 0, 1, 1, 0, 1, 0, '2021-08-12 01:28:35', '2021-08-12 01:28:35'),
(85, 1, 0, 1, 7, 0, 0, 0, '2021-08-12 01:29:05', '2021-08-12 01:29:05'),
(86, 1, 0, 1, 3, 0, 0, 0, '2021-08-12 01:29:13', '2021-08-12 01:29:13'),
(87, 1, 0, 1, 3, 0, 1, 0, '2021-08-12 01:29:30', '2021-08-12 01:29:30'),
(88, 1, 0, 1, 2, 0, 0, 0, '2021-08-12 01:29:36', '2021-08-12 01:29:36'),
(89, 1, 0, 1, 7, 0, 0, 0, '2021-08-12 01:30:06', '2021-08-12 01:30:06'),
(90, 1, 0, 1, 4, 0, 0, 0, '2021-08-12 01:30:10', '2021-08-12 01:30:10'),
(91, 1, 0, 1, 2, 0, 0, 0, '2021-08-12 01:30:12', '2021-08-12 01:30:12'),
(92, 1, 0, 1, 1, 0, 0, 0, '2021-08-12 01:30:14', '2021-08-12 01:30:14'),
(93, 1, 0, 1, 3, 0, 0, 0, '2021-08-12 01:30:20', '2021-08-12 01:30:20'),
(94, 1, 0, 1, 1, 0, 0, 0, '2021-08-12 01:32:00', '2021-08-12 01:32:00'),
(95, 1, 0, 1, 4, 0, 0, 0, '2021-08-12 01:32:02', '2021-08-12 01:32:02'),
(96, 1, 0, 1, 7, 0, 0, 0, '2021-08-12 01:32:04', '2021-08-12 01:32:04'),
(97, 1, 0, 1, 7, 0, 0, 0, '2021-08-12 01:32:07', '2021-08-12 01:32:07'),
(98, 1, 0, 1, 7, 0, 0, 0, '2021-08-12 01:32:10', '2021-08-12 01:32:10'),
(99, 1, 0, 1, 3, 0, 1, 0, '2021-08-12 01:32:19', '2021-08-12 01:32:19'),
(100, 1, 0, 1, 2, 0, 0, 0, '2021-08-12 01:32:28', '2021-08-12 01:32:28'),
(101, 1, 0, 4, 5, 0, 0, 0, '2021-08-12 01:33:50', '2021-08-12 01:33:50'),
(102, 1, 0, 4, 5, 0, 0, 0, '2021-08-12 01:47:12', '2021-08-12 01:47:12'),
(103, 1, 0, 4, 5, 0, 0, 0, '2021-08-12 01:47:46', '2021-08-12 01:47:46'),
(104, 1, 0, 4, 5, 0, 0, 0, '2021-08-12 01:48:08', '2021-08-12 01:48:08'),
(105, 1, 0, 4, 5, 0, 0, 0, '2021-08-12 01:49:21', '2021-08-12 01:49:21'),
(106, 1, 0, 4, 5, 0, 0, 0, '2021-08-12 01:49:47', '2021-08-12 01:49:47'),
(107, 1, 0, 4, 5, 0, 0, 0, '2021-08-12 01:50:49', '2021-08-12 01:50:49'),
(108, 1, 0, 4, 5, 0, 1, 0, '2021-08-12 01:50:58', '2021-08-12 01:50:58'),
(109, 1, 0, 1, 9, 0, 1, 0, '2021-08-13 06:25:09', '2021-08-13 06:25:09'),
(110, 1, 0, 1, 7, 0, 0, 0, '2021-08-13 06:25:44', '2021-08-13 06:25:44'),
(111, 1, 0, 1, 7, 0, 0, 0, '2021-08-13 06:25:46', '2021-08-13 06:25:46'),
(112, 1, 0, 1, 1, 0, 1, 0, '2021-08-13 06:26:29', '2021-08-13 06:26:29'),
(113, 1, 0, 1, 4, 0, 0, 0, '2021-08-13 06:27:12', '2021-08-13 06:27:12'),
(114, 1, 0, 1, 2, 0, 0, 0, '2021-08-13 06:28:35', '2021-08-13 06:28:35'),
(115, 1, 0, 1, 4, 0, 0, 0, '2021-08-13 06:44:16', '2021-08-13 06:44:16'),
(116, 1, 0, 1, 10, 0, 1, 0, '2021-08-13 06:47:13', '2021-08-13 06:47:13'),
(117, 1, 0, 1, 3, 0, 0, 0, '2021-08-13 06:53:20', '2021-08-13 06:53:20'),
(118, 1, 0, 1, 7, 0, 0, 0, '2021-08-13 06:53:49', '2021-08-13 06:53:49'),
(119, 1, 0, 1, 7, 0, 0, 0, '2021-08-13 06:55:28', '2021-08-13 06:55:28'),
(125, 1, 0, 2, 1, 0, 0, 0, '2021-08-18 16:24:29', '2021-08-18 16:24:29'),
(126, 1, 0, 2, 1, 0, 1, 0, '2021-08-18 16:29:20', '2021-08-18 16:29:20'),
(127, 1, 0, 2, 1, 0, 1, 0, '2021-08-18 16:29:44', '2021-08-18 16:29:44'),
(128, 1, 0, 2, 1, 0, 0, 0, '2021-08-18 16:30:04', '2021-08-18 16:30:04'),
(129, 1, 0, 2, 1, 0, 1, 0, '2021-08-18 16:31:07', '2021-08-18 16:31:07'),
(130, 1, 0, 2, 1, 0, 0, 0, '2021-08-18 16:31:27', '2021-08-18 16:31:27'),
(131, 1, 0, 2, 1, 0, 0, 0, '2021-08-18 16:31:42', '2021-08-18 16:31:42'),
(132, 1, 0, 2, 1, 0, 0, 0, '2021-08-18 16:32:29', '2021-08-18 16:32:29'),
(133, 1, 0, 1, 9, 1, 0, 0, '2021-08-24 15:27:02', '2021-08-24 15:27:02'),
(134, 1, 0, 1, 9, 1, 0, 0, '2021-08-26 06:51:47', '2021-08-26 06:51:47'),
(135, 1, 0, 1, 8, 1, 0, 0, '2021-08-26 06:52:13', '2021-08-26 06:52:13'),
(136, 1, 0, 1, 8, 1, 0, 0, '2021-08-26 06:59:33', '2021-08-26 06:59:33'),
(137, 1, 0, 1, 8, 1, 0, 0, '2021-08-26 07:07:32', '2021-08-26 07:07:32'),
(138, 1, 0, 1, 8, 1, 0, 0, '2021-08-26 07:09:05', '2021-08-26 07:09:05'),
(139, 1, 0, 1, 9, 0, 0, 0, '2021-08-26 23:41:54', '2021-08-26 23:41:54'),
(140, 1, 0, 1, 12, 0, 0, 0, '2021-08-26 23:49:44', '2021-08-26 23:49:44'),
(141, 1, 0, 1, 3, 0, 0, 0, '2021-08-26 23:50:06', '2021-08-26 23:50:06'),
(142, 1, 0, 1, 4, 0, 0, 0, '2021-08-27 00:32:16', '2021-08-27 00:32:16'),
(143, 1, 0, 1, 7, 0, 0, 0, '2021-08-27 00:35:27', '2021-08-27 00:35:27'),
(144, 1, 0, 1, 13, 0, 0, 0, '2021-08-27 00:36:00', '2021-08-27 00:36:00'),
(145, 1, 0, 1, 7, 0, 0, 0, '2021-08-27 00:37:08', '2021-08-27 00:37:08'),
(146, 1, 0, 1, 1, 0, 0, 0, '2021-08-27 00:39:36', '2021-08-27 00:39:36'),
(147, 1, 0, 1, 3, 0, 0, 0, '2021-08-27 00:40:09', '2021-08-27 00:40:09'),
(148, 1, 0, 1, 3, 0, 0, 0, '2021-08-27 00:42:04', '2021-08-27 00:42:04'),
(149, 1, 0, 1, 4, 0, 0, 0, '2021-08-27 00:42:11', '2021-08-27 00:42:11'),
(150, 1, 0, 1, 1, 0, 1, 0, '2021-08-27 00:42:55', '2021-08-27 00:42:55'),
(151, 1, 0, 1, 13, 0, 1, 0, '2021-08-27 01:10:38', '2021-08-27 01:10:38'),
(152, 1, 0, 1, 2, 0, 0, 0, '2021-08-27 01:13:27', '2021-08-27 01:13:27'),
(153, 1, 0, 1, 4, 0, 0, 0, '2021-08-27 01:13:40', '2021-08-27 01:13:40'),
(154, 1, 0, 4, 5, 0, 0, 0, '2021-08-27 01:43:02', '2021-08-27 01:43:02'),
(155, 1, 0, 1, 3, 0, 0, 0, '2021-08-30 21:21:36', '2021-08-30 21:21:36'),
(156, 1, 0, 4, 5, 0, 1, 0, '2021-08-30 23:12:39', '2021-08-30 23:12:39'),
(157, 1, 0, 1, 10, 0, 1, 0, '2021-08-31 04:20:58', '2021-08-31 04:20:58'),
(158, 1, 0, 1, 8, 0, 0, 0, '2021-08-31 04:21:07', '2021-08-31 04:21:07'),
(159, 1, 0, 4, 115, 0, 1, 0, '2021-08-31 04:22:40', '2021-08-31 04:22:40'),
(160, 1, 0, 4, 5, 0, 1, 0, '2021-08-31 04:22:49', '2021-08-31 04:22:49'),
(161, 1, 0, 4, 5, 0, 1, 0, '2021-08-31 08:33:39', '2021-08-31 08:33:39'),
(162, 1, 0, 4, 5, 0, 1, 0, '2021-08-31 08:35:04', '2021-08-31 08:35:04'),
(163, 1, 0, 4, 115, 0, 0, 0, '2021-08-31 08:35:07', '2021-08-31 08:35:07'),
(164, 1, 0, 4, 115, 0, 0, 0, '2021-08-31 09:35:24', '2021-08-31 09:35:24'),
(165, 1, 0, 4, 5, 0, 0, 0, '2021-08-31 23:21:53', '2021-08-31 23:21:53'),
(166, 1, 0, 4, 115, 0, 0, 0, '2021-08-31 23:22:18', '2021-08-31 23:22:18'),
(167, 1, 0, 4, 5, 0, 1, 0, '2021-08-31 23:28:29', '2021-08-31 23:28:29'),
(168, 1, 0, 4, 115, 0, 1, 0, '2021-08-31 23:28:57', '2021-08-31 23:28:57'),
(169, 1, 0, 4, 5, 0, 1, 0, '2021-08-31 23:30:31', '2021-08-31 23:30:31'),
(170, 1, 0, 4, 115, 0, 0, 0, '2021-08-31 23:31:32', '2021-08-31 23:31:32'),
(171, 1, 0, 1, 14, 0, 0, 0, '2021-08-31 23:33:45', '2021-08-31 23:33:45'),
(172, 1, 0, 1, 2, 0, 1, 0, '2021-08-31 23:33:52', '2021-08-31 23:33:52'),
(173, 1, 0, 1, 12, 0, 0, 0, '2021-08-31 23:33:58', '2021-08-31 23:33:58'),
(174, 1, 0, 1, 9, 0, 1, 0, '2021-08-31 23:34:01', '2021-08-31 23:34:01'),
(175, 1, 0, 1, 13, 0, 0, 0, '2021-08-31 23:34:07', '2021-08-31 23:34:07'),
(176, 1, 0, 1, 8, 0, 0, 0, '2021-08-31 23:36:44', '2021-08-31 23:36:44'),
(177, 1, 0, 1, 13, 0, 1, 0, '2021-08-31 23:36:48', '2021-08-31 23:36:48'),
(178, 1, 0, 1, 9, 0, 0, 0, '2021-08-31 23:36:52', '2021-08-31 23:36:52'),
(179, 1, 0, 1, 3, 0, 1, 0, '2021-08-31 23:36:55', '2021-08-31 23:36:55'),
(180, 1, 0, 4, 115, 0, 1, 0, '2021-09-01 15:26:37', '2021-09-01 15:26:37'),
(181, 1, 0, 4, 5, 0, 1, 0, '2021-09-01 15:26:51', '2021-09-01 15:26:51'),
(182, 1, 0, 4, 5, 0, 1, 0, '2021-09-01 15:26:59', '2021-09-01 15:26:59'),
(183, 1, 0, 4, 115, 0, 0, 0, '2021-09-01 15:27:02', '2021-09-01 15:27:02'),
(184, 1, 0, 4, 115, 0, 1, 0, '2021-09-01 15:30:07', '2021-09-01 15:30:07'),
(185, 1, 0, 4, 5, 0, 0, 0, '2021-09-01 15:30:10', '2021-09-01 15:30:10'),
(186, 1, 0, 4, 5, 0, 0, 0, '2021-09-01 15:31:32', '2021-09-01 15:31:32'),
(187, 1, 0, 4, 115, 0, 1, 0, '2021-09-01 15:31:34', '2021-09-01 15:31:34'),
(188, 1, 0, 4, 115, 2, 1, 0, '2021-09-03 01:47:11', '2021-09-03 01:47:11'),
(189, 1, 0, 1, 13, 2, 0, 0, '2021-09-03 07:54:58', '2021-09-03 07:54:58'),
(190, 1, 0, 1, 2, 2, 1, 0, '2021-09-03 07:55:01', '2021-09-03 07:55:01'),
(191, 1, 0, 4, 115, 2, 0, 0, '2021-09-03 17:21:19', '2021-09-03 17:21:19'),
(192, 1, 0, 4, 5, 2, 1, 0, '2021-09-03 17:21:22', '2021-09-03 17:21:22'),
(193, 1, 0, 4, 5, 2, 1, 0, '2021-09-03 17:26:38', '2021-09-03 17:26:38'),
(194, 1, 0, 4, 115, 2, 0, 0, '2021-09-03 17:26:40', '2021-09-03 17:26:40'),
(195, 12, 0, 15, 114, 1, 0, 0, '2021-09-18 18:24:26', '2021-09-18 18:24:26'),
(196, 1, 0, 28, 117, 0, 0, 0, '2021-09-26 21:24:07', '2021-09-26 21:24:07'),
(197, 12, 1, 28, 118, 0, 0, 0, '2021-09-26 21:26:20', '2021-09-26 21:26:20'),
(198, 2, 1, 15, 114, 0, 0, 0, '2021-09-28 04:53:40', '2021-09-28 04:53:40'),
(199, 2, 1, 15, 114, 0, 1, 0, '2021-09-28 04:53:51', '2021-09-28 04:53:51'),
(200, 2, 2, 3, 6, 0, 0, 0, '2021-09-28 05:19:57', '2021-09-28 05:19:57'),
(201, 2, 2, 3, 6, 0, 1, 0, '2021-09-28 05:20:07', '2021-09-28 05:20:07'),
(202, 1, 1, 15, 114, 0, 1, 0, '2021-09-28 05:25:52', '2021-09-28 05:25:52'),
(203, 1, 1, 15, 114, 0, 1, 0, '2021-09-28 05:27:47', '2021-09-28 05:27:47'),
(204, 1, 1, 28, 118, 0, 1, 0, '2021-09-28 17:11:59', '2021-09-28 17:11:59'),
(205, 1, 1, 28, 117, 0, 1, 0, '2021-09-28 17:12:14', '2021-09-28 17:12:14'),
(206, 1, 1, 28, 118, 0, 0, 0, '2021-10-01 23:45:07', '2021-10-01 23:45:07'),
(207, 1, 1, 28, 118, 0, 0, 0, '2021-10-01 23:45:14', '2021-10-01 23:45:14'),
(208, 1, 1, 28, 117, 0, 0, 0, '2021-10-01 23:45:45', '2021-10-01 23:45:45'),
(209, 1, 1, 28, 118, 0, 1, 0, '2021-10-01 23:46:13', '2021-10-01 23:46:13'),
(210, 1, 1, 28, 117, 0, 1, 0, '2021-10-01 23:46:25', '2021-10-01 23:46:25'),
(211, 1, 1, 28, 117, 0, 0, 0, '2021-10-01 23:46:41', '2021-10-01 23:46:41'),
(212, 1, 1, 33, 131, 2, 0, 0, '2021-10-02 00:04:42', '2021-10-02 00:04:42'),
(213, 1, 1, 33, 131, 2, 1, 0, '2021-10-02 00:05:06', '2021-10-02 00:05:06'),
(214, 1, 1, 33, 131, 2, 0, 0, '2021-10-02 00:05:44', '2021-10-02 00:05:44'),
(215, 1, 1, 28, 118, 1, 0, 0, '2021-10-02 00:16:50', '2021-10-02 00:16:50'),
(216, 1, 1, 28, 117, 1, 0, 0, '2021-10-02 00:18:43', '2021-10-02 00:18:43'),
(217, 1, 1, 28, 118, 1, 1, 0, '2021-10-02 00:19:16', '2021-10-02 00:19:16'),
(218, 1, 1, 28, 117, 1, 0, 0, '2021-10-02 00:19:35', '2021-10-02 00:19:35'),
(219, 1, 1, 28, 118, 1, 0, 0, '2021-10-02 00:20:10', '2021-10-02 00:20:10'),
(220, 2, 1, 28, 118, 2, 1, 0, '2021-10-06 05:37:58', '2021-10-06 05:37:58'),
(221, 2, 1, 28, 117, 2, 1, 0, '2021-10-06 05:38:03', '2021-10-06 05:38:03'),
(222, 2, 1, 28, 118, 2, 0, 0, '2021-10-06 05:38:12', '2021-10-06 05:38:12'),
(223, 2, 1, 33, 131, 0, 0, 0, '2021-10-13 13:27:02', '2021-10-13 13:27:02'),
(224, 2, 1, 33, 132, 0, 1, 0, '2021-10-13 13:27:11', '2021-10-13 13:27:11'),
(225, 2, 1, 33, 131, 0, 1, 0, '2021-10-13 13:44:59', '2021-10-13 13:44:59'),
(226, 2, 1, 33, 132, 0, 0, 0, '2021-10-13 13:56:42', '2021-10-13 13:56:42'),
(227, 2, 1, 33, 132, 0, 0, 0, '2021-10-13 13:57:36', '2021-10-13 13:57:36'),
(228, 2, 1, 33, 131, 0, 1, 0, '2021-10-13 14:12:44', '2021-10-13 14:12:44'),
(229, 2, 1, 33, 132, 0, 1, 0, '2021-10-13 14:13:15', '2021-10-13 14:13:15'),
(230, 2, 1, 33, 131, 0, 1, 0, '2021-10-13 14:14:46', '2021-10-13 14:14:46'),
(231, 2, 1, 33, 132, 0, 1, 0, '2021-10-13 14:14:54', '2021-10-13 14:14:54'),
(232, 2, 1, 33, 132, 0, 1, 0, '2021-10-13 14:15:42', '2021-10-13 14:15:42'),
(233, 2, 1, 33, 131, 0, 1, 0, '2021-10-13 14:16:21', '2021-10-13 14:16:21'),
(234, 2, 1, 33, 132, 0, 1, 0, '2021-10-13 14:17:03', '2021-10-13 14:17:03'),
(235, 2, 1, 33, 131, 0, 1, 0, '2021-10-13 14:17:08', '2021-10-13 14:17:08'),
(236, 2, 1, 33, 131, 0, 0, 0, '2021-10-13 14:29:26', '2021-10-13 14:29:26'),
(237, 2, 1, 33, 132, 0, 1, 0, '2021-10-13 14:29:48', '2021-10-13 14:29:48'),
(238, 2, 1, 33, 131, 0, 1, 0, '2021-10-13 14:32:00', '2021-10-13 14:32:00'),
(239, 2, 1, 28, 118, 0, 0, 0, '2021-10-13 14:32:44', '2021-10-13 14:32:44'),
(240, 2, 1, 28, 117, 0, 0, 0, '2021-10-13 14:32:54', '2021-10-13 14:32:54'),
(241, 2, 1, 28, 118, 0, 0, 0, '2021-10-13 14:33:30', '2021-10-13 14:33:30'),
(242, 2, 1, 28, 117, 0, 0, 0, '2021-10-13 14:33:59', '2021-10-13 14:33:59'),
(243, 2, 1, 28, 118, 0, 1, 0, '2021-10-13 14:34:33', '2021-10-13 14:34:33'),
(244, 2, 1, 28, 117, 0, 1, 0, '2021-10-13 14:35:04', '2021-10-13 14:35:04'),
(245, 2, 1, 28, 118, 0, 1, 0, '2021-10-13 14:35:23', '2021-10-13 14:35:23'),
(246, 2, 1, 28, 117, 0, 1, 0, '2021-10-13 14:35:30', '2021-10-13 14:35:30'),
(247, 2, 1, 28, 118, 0, 1, 0, '2021-10-13 14:38:07', '2021-10-13 14:38:07'),
(248, 2, 1, 28, 118, 0, 1, 0, '2021-10-13 14:38:41', '2021-10-13 14:38:41'),
(249, 2, 1, 28, 117, 0, 1, 0, '2021-10-13 14:38:45', '2021-10-13 14:38:45'),
(250, 2, 1, 28, 118, 0, 1, 0, '2021-10-13 14:38:57', '2021-10-13 14:38:57'),
(251, 2, 1, 28, 117, 0, 0, 0, '2021-10-13 14:39:00', '2021-10-13 14:39:00'),
(252, 2, 1, 28, 117, 0, 0, 0, '2021-10-13 14:39:07', '2021-10-13 14:39:07'),
(253, 2, 1, 28, 117, 0, 1, 0, '2021-10-13 14:43:00', '2021-10-13 14:43:00'),
(254, 2, 1, 28, 118, 0, 0, 0, '2021-10-13 14:43:03', '2021-10-13 14:43:03'),
(255, 2, 1, 28, 117, 0, 1, 0, '2021-10-13 14:43:22', '2021-10-13 14:43:22'),
(256, 2, 1, 28, 118, 0, 1, 0, '2021-10-13 14:43:27', '2021-10-13 14:43:27'),
(257, 2, 1, 28, 118, 0, 1, 0, '2021-10-13 14:44:14', '2021-10-13 14:44:14'),
(258, 2, 1, 28, 117, 0, 0, 0, '2021-10-13 14:44:16', '2021-10-13 14:44:16'),
(259, 2, 1, 28, 117, 0, 0, 0, '2021-10-13 14:44:18', '2021-10-13 14:44:18'),
(260, 2, 1, 28, 117, 0, 1, 0, '2021-10-13 14:46:43', '2021-10-13 14:46:43'),
(261, 2, 1, 28, 118, 0, 1, 0, '2021-10-13 14:46:49', '2021-10-13 14:46:49'),
(262, 2, 1, 28, 117, 0, 1, 0, '2021-10-13 14:47:07', '2021-10-13 14:47:07'),
(263, 2, 1, 28, 118, 0, 1, 0, '2021-10-13 14:47:14', '2021-10-13 14:47:14'),
(264, 2, 1, 28, 118, 0, 0, 0, '2021-10-13 14:51:12', '2021-10-13 14:51:12'),
(265, 2, 1, 28, 117, 0, 1, 0, '2021-10-13 14:51:19', '2021-10-13 14:51:19'),
(266, 2, 1, 28, 118, 0, 1, 0, '2021-10-13 14:51:26', '2021-10-13 14:51:26'),
(267, 2, 1, 28, 118, 0, 1, 0, '2021-10-13 14:51:57', '2021-10-13 14:51:57'),
(268, 2, 1, 28, 117, 0, 1, 0, '2021-10-13 14:52:02', '2021-10-13 14:52:02'),
(269, 2, 1, 28, 118, 0, 1, 0, '2021-10-13 14:52:16', '2021-10-13 14:52:16'),
(270, 2, 1, 28, 117, 0, 1, 0, '2021-10-13 14:52:35', '2021-10-13 14:52:35'),
(271, 2, 1, 28, 118, 0, 1, 0, '2021-10-13 14:52:58', '2021-10-13 14:52:58'),
(272, 2, 1, 28, 117, 0, 1, 0, '2021-10-13 14:53:12', '2021-10-13 14:53:12'),
(273, 2, 1, 28, 118, 0, 1, 0, '2021-10-13 14:53:58', '2021-10-13 14:53:58'),
(274, 2, 1, 28, 117, 0, 1, 0, '2021-10-13 14:54:07', '2021-10-13 14:54:07'),
(275, 2, 1, 28, 117, 0, 1, 0, '2021-10-13 14:54:25', '2021-10-13 14:54:25'),
(276, 2, 1, 28, 118, 0, 1, 0, '2021-10-13 14:54:30', '2021-10-13 14:54:30'),
(277, 2, 1, 28, 117, 0, 1, 0, '2021-10-13 14:54:41', '2021-10-13 14:54:41'),
(278, 2, 1, 28, 118, 0, 0, 0, '2021-10-13 14:54:47', '2021-10-13 14:54:47'),
(279, 2, 1, 28, 118, 0, 0, 0, '2021-10-13 14:54:51', '2021-10-13 14:54:51'),
(280, 2, 1, 28, 118, 1, 0, 0, '2021-10-13 15:22:17', '2021-10-13 15:22:17'),
(281, 2, 1, 28, 117, 1, 1, 0, '2021-10-13 15:22:39', '2021-10-13 15:22:39'),
(282, 2, 1, 28, 118, 1, 0, 0, '2021-10-13 15:22:46', '2021-10-13 15:22:46'),
(283, 2, 1, 28, 117, 1, 0, 0, '2021-10-13 15:22:50', '2021-10-13 15:22:50'),
(284, 2, 1, 15, 114, 1, 0, 0, '2021-10-13 15:23:31', '2021-10-13 15:23:31'),
(285, 2, 1, 33, 131, 2, 0, 0, '2021-10-13 15:27:56', '2021-10-13 15:27:56'),
(286, 2, 1, 33, 132, 2, 1, 0, '2021-10-13 15:28:05', '2021-10-13 15:28:05'),
(287, 2, 1, 33, 131, 2, 1, 0, '2021-10-13 15:28:09', '2021-10-13 15:28:09'),
(288, 2, 1, 33, 132, 2, 1, 0, '2021-10-13 15:28:11', '2021-10-13 15:28:11'),
(289, 2, 1, 33, 131, 2, 0, 0, '2021-10-13 15:28:18', '2021-10-13 15:28:18'),
(290, 2, 1, 33, 132, 2, 0, 0, '2021-10-13 15:28:22', '2021-10-13 15:28:22');

-- --------------------------------------------------------

--
-- Table structure for table `translations`
--

CREATE TABLE `translations` (
  `id` int(10) UNSIGNED NOT NULL,
  `vocabulary_1` varchar(256) COLLATE utf8mb4_unicode_ci NOT NULL,
  `vocabulary_2` varchar(256) COLLATE utf8mb4_unicode_ci NOT NULL,
  `sentence_1` longtext COLLATE utf8mb4_unicode_ci DEFAULT NULL,
  `sentence_2` longtext COLLATE utf8mb4_unicode_ci DEFAULT NULL,
  `user_id` bigint(20) UNSIGNED NOT NULL,
  `created_at` timestamp NULL DEFAULT NULL,
  `updated_at` timestamp NULL DEFAULT NULL
) ENGINE=InnoDB DEFAULT CHARSET=utf8mb4 COLLATE=utf8mb4_unicode_ci;

--
-- Dumping data for table `translations`
--

INSERT INTO `translations` (`id`, `vocabulary_1`, `vocabulary_2`, `sentence_1`, `sentence_2`, `user_id`, `created_at`, `updated_at`) VALUES
(1, 'Vocabulary1-1', 'Translate1-1', 'Sentennce 1', 'Sentennce Trasnate 1', 1, '2021-07-13 01:51:05', '2021-08-12 23:01:38'),
(2, 'Vocabulary2', 'Translate2', 'Sentennce 2', 'Sentennce Trasnate 2', 1, '2021-07-13 01:51:05', '2021-07-13 01:51:05'),
(3, 'Vocabulary3', 'Translate3', 'Sentennce 3', 'Sentennce Trasnate 3', 1, '2021-07-13 01:51:05', '2021-07-13 01:51:05'),
(4, 'Vocabulary4', 'Translate4', 'Sentennce 4', 'Sentennce Trasnate 4', 1, '2021-07-13 01:51:05', '2021-07-13 01:51:05'),
(6, 'Test-11Transation', 'Test-11Transation', NULL, NULL, 2, '2021-07-13 22:41:55', '2021-07-13 22:41:55'),
(7, 'asfd', 'asfasfd', 'asfasfd', NULL, 1, '2021-08-08 04:37:40', '2021-08-18 14:58:42'),
(8, 'sdfgsdf', 'gsdfgsdfg', 'asdfasdfsdg', NULL, 1, '2021-08-12 22:55:47', '2021-08-12 22:55:47'),
(9, 'tt', 'tt', NULL, NULL, 1, '2021-08-12 23:06:39', '2021-08-12 23:06:39'),
(10, 'dd', 'ff', NULL, NULL, 1, '2021-08-12 23:07:37', '2021-08-12 23:07:37'),
(13, 'Translation0818', 'Translation0818-1', NULL, NULL, 1, '2021-08-18 14:57:41', '2021-08-18 14:57:41'),
(14, 'Test0818', 'Test0818-1', NULL, NULL, 1, '2021-08-18 15:19:39', '2021-08-18 15:19:39'),
(15, 'Vocabulary1-1', 'Translate1-1', 'Sentennce 1', 'Sentennce Trasnate 1', 1, '2021-08-19 00:52:00', '2021-08-19 00:52:00'),
(16, 'Vocabulary3', 'Translate3', 'Sentennce 3', 'Sentennce Trasnate 3', 1, '2021-08-19 00:52:00', '2021-08-19 00:52:00'),
(17, 'Vocabulary2', 'Translate2', 'Sentennce 2', 'Sentennce Trasnate 2', 1, '2021-08-19 00:52:00', '2021-08-19 00:52:00'),
(18, 'Vocabulary4', 'Translate4', 'Sentennce 4', 'Sentennce Trasnate 4', 1, '2021-08-19 00:52:01', '2021-08-19 00:52:01'),
(19, 'asfd', 'asfasfd', 'asfasfd', NULL, 1, '2021-08-19 00:52:01', '2021-08-19 00:52:01'),
(20, 'sdfgsdf', 'gsdfgsdfg', 'asdfasdfsdg', NULL, 1, '2021-08-19 00:52:01', '2021-08-19 00:52:01'),
(21, 'tt', 'tt', NULL, NULL, 1, '2021-08-19 00:52:01', '2021-08-19 00:52:01'),
(22, 'dd', 'dd', NULL, NULL, 1, '2021-08-19 00:52:01', '2021-08-19 00:52:01'),
(23, 'TestTranslate0818', 'TestTranslate0818-1', 'TestTranslate0818-1', NULL, 1, '2021-08-19 00:52:02', '2021-08-19 00:52:02'),
(24, 'Translation0818', 'Translation0818-1', NULL, NULL, 1, '2021-08-19 00:52:02', '2021-08-19 00:52:02'),
(25, 'Test0818', 'Test0818-1', NULL, NULL, 1, '2021-08-19 00:52:02', '2021-08-19 00:52:02'),
(26, 'Vocabulary1-1', 'Translate1-1', 'Sentennce 1', 'Sentennce Trasnate 1', 1, '2021-08-19 00:54:11', '2021-08-19 00:54:11'),
(27, 'Vocabulary2', 'Translate2', 'Sentennce 2', 'Sentennce Trasnate 2', 1, '2021-08-19 00:54:12', '2021-08-19 00:54:12'),
(28, 'Vocabulary3', 'Translate3', 'Sentennce 3', 'Sentennce Trasnate 3', 1, '2021-08-19 00:54:12', '2021-08-19 00:54:12'),
(29, 'Vocabulary4', 'Translate4', 'Sentennce 4', 'Sentennce Trasnate 4', 1, '2021-08-19 00:54:12', '2021-08-19 00:54:12'),
(30, 'asfd', 'asfasfd', 'asfasfd', NULL, 1, '2021-08-19 00:54:12', '2021-08-19 00:54:12'),
(31, 'sdfgsdf', 'gsdfgsdfg', 'asdfasdfsdg', NULL, 1, '2021-08-19 00:54:13', '2021-08-19 00:54:13'),
(32, 'tt', 'tt', NULL, NULL, 1, '2021-08-19 00:54:13', '2021-08-19 00:54:13'),
(33, 'dd', 'dd', NULL, NULL, 1, '2021-08-19 00:54:13', '2021-08-19 00:54:13'),
(34, 'TestTranslate0818', 'TestTranslate0818-1', 'TestTranslate0818-1', NULL, 1, '2021-08-19 00:54:13', '2021-08-19 00:54:13'),
(35, 'Translation0818', 'Translation0818-1', NULL, NULL, 1, '2021-08-19 00:54:14', '2021-08-19 00:54:14'),
(36, 'Test0818', 'Test0818-1', NULL, NULL, 1, '2021-08-19 00:54:14', '2021-08-19 00:54:14'),
(37, 'Vocabulary1-1', 'Translate1-1', 'Sentennce 1', 'Sentennce Trasnate 1', 1, '2021-08-19 00:57:20', '2021-08-19 00:57:20'),
(38, 'Vocabulary2', 'Translate2', 'Sentennce 2', 'Sentennce Trasnate 2', 1, '2021-08-19 00:57:21', '2021-08-19 00:57:21'),
(39, 'Vocabulary3', 'Translate3', 'Sentennce 3', 'Sentennce Trasnate 3', 1, '2021-08-19 00:57:21', '2021-08-19 00:57:21'),
(40, 'Vocabulary4', 'Translate4', 'Sentennce 4', 'Sentennce Trasnate 4', 1, '2021-08-19 00:57:21', '2021-08-19 00:57:21'),
(41, 'asfd', 'asfasfd', 'asfasfd', NULL, 1, '2021-08-19 00:57:21', '2021-08-19 00:57:21'),
(42, 'sdfgsdf', 'gsdfgsdfg', 'asdfasdfsdg', NULL, 1, '2021-08-19 00:57:22', '2021-08-19 00:57:22'),
(43, 'tt', 'tt', NULL, NULL, 1, '2021-08-19 00:57:22', '2021-08-19 00:57:22'),
(44, 'dd', 'dd', NULL, NULL, 1, '2021-08-19 00:57:22', '2021-08-19 00:57:22'),
(45, 'TestTranslate0818', 'TestTranslate0818-1', 'TestTranslate0818-1', NULL, 1, '2021-08-19 00:57:22', '2021-08-19 00:57:22'),
(46, 'Translation0818', 'Translation0818-1', NULL, NULL, 1, '2021-08-19 00:57:23', '2021-08-19 00:57:23'),
(47, 'Test0818', 'Test0818-1', NULL, NULL, 1, '2021-08-19 00:57:23', '2021-08-19 00:57:23'),
(48, 'Vocabulary1-1', 'Translate1-1', 'Sentennce 1', 'Sentennce Trasnate 1', 1, '2021-08-19 00:57:32', '2021-08-19 00:57:32'),
(49, 'Vocabulary3', 'Translate3', 'Sentennce 3', 'Sentennce Trasnate 3', 1, '2021-08-19 00:57:32', '2021-08-19 00:57:32'),
(50, 'Vocabulary2', 'Translate2', 'Sentennce 2', 'Sentennce Trasnate 2', 1, '2021-08-19 00:57:32', '2021-08-19 00:57:32'),
(51, 'Vocabulary4', 'Translate4', 'Sentennce 4', 'Sentennce Trasnate 4', 1, '2021-08-19 00:57:32', '2021-08-19 00:57:32'),
(52, 'asfd', 'asfasfd', 'asfasfd', NULL, 1, '2021-08-19 00:57:32', '2021-08-19 00:57:32'),
(53, 'sdfgsdf', 'gsdfgsdfg', 'asdfasdfsdg', NULL, 1, '2021-08-19 00:57:33', '2021-08-19 00:57:33'),
(54, 'tt', 'tt', NULL, NULL, 1, '2021-08-19 00:57:33', '2021-08-19 00:57:33'),
(55, 'dd', 'dd', NULL, NULL, 1, '2021-08-19 00:57:33', '2021-08-19 00:57:33'),
(56, 'TestTranslate0818', 'TestTranslate0818-1', 'TestTranslate0818-1', NULL, 1, '2021-08-19 00:57:33', '2021-08-19 00:57:33'),
(57, 'Translation0818', 'Translation0818-1', NULL, NULL, 1, '2021-08-19 00:57:34', '2021-08-19 00:57:34'),
(58, 'Test0818', 'Test0818-1', NULL, NULL, 1, '2021-08-19 00:57:34', '2021-08-19 00:57:34'),
(59, 'Vocabulary1-1', 'Translate1-1', 'Sentennce 1', 'Sentennce Trasnate 1', 1, '2021-08-19 00:59:08', '2021-08-19 00:59:08'),
(60, 'Vocabulary2', 'Translate2', 'Sentennce 2', 'Sentennce Trasnate 2', 1, '2021-08-19 00:59:08', '2021-08-19 00:59:08'),
(61, 'Vocabulary3', 'Translate3', 'Sentennce 3', 'Sentennce Trasnate 3', 1, '2021-08-19 00:59:08', '2021-08-19 00:59:08'),
(62, 'Vocabulary4', 'Translate4', 'Sentennce 4', 'Sentennce Trasnate 4', 1, '2021-08-19 00:59:08', '2021-08-19 00:59:08'),
(63, 'asfd', 'asfasfd', 'asfasfd', NULL, 1, '2021-08-19 00:59:09', '2021-08-19 00:59:09'),
(64, 'sdfgsdf', 'gsdfgsdfg', 'asdfasdfsdg', NULL, 1, '2021-08-19 00:59:09', '2021-08-19 00:59:09'),
(65, 'tt', 'tt', NULL, NULL, 1, '2021-08-19 00:59:09', '2021-08-19 00:59:09'),
(66, 'dd', 'dd', NULL, NULL, 1, '2021-08-19 00:59:09', '2021-08-19 00:59:09'),
(67, 'TestTranslate0818', 'TestTranslate0818-1', 'TestTranslate0818-1', NULL, 1, '2021-08-19 00:59:10', '2021-08-19 00:59:10'),
(68, 'Translation0818', 'Translation0818-1', NULL, NULL, 1, '2021-08-19 00:59:10', '2021-08-19 00:59:10'),
(69, 'Test0818', 'Test0818-1', NULL, NULL, 1, '2021-08-19 00:59:10', '2021-08-19 00:59:10'),
(70, 'Vocabulary1-1', 'Translate1-1', 'Sentennce 1', 'Sentennce Trasnate 1', 1, '2021-08-19 00:59:41', '2021-08-19 00:59:41'),
(71, 'Vocabulary2', 'Translate2', 'Sentennce 2', 'Sentennce Trasnate 2', 1, '2021-08-19 00:59:41', '2021-08-19 00:59:41'),
(72, 'Vocabulary3', 'Translate3', 'Sentennce 3', 'Sentennce Trasnate 3', 1, '2021-08-19 00:59:41', '2021-08-19 00:59:41'),
(73, 'Vocabulary4', 'Translate4', 'Sentennce 4', 'Sentennce Trasnate 4', 1, '2021-08-19 00:59:41', '2021-08-19 00:59:41'),
(74, 'asfd', 'asfasfd', 'asfasfd', NULL, 1, '2021-08-19 00:59:42', '2021-08-19 00:59:42'),
(75, 'sdfgsdf', 'gsdfgsdfg', 'asdfasdfsdg', NULL, 1, '2021-08-19 00:59:42', '2021-08-19 00:59:42'),
(76, 'tt', 'tt', NULL, NULL, 1, '2021-08-19 00:59:42', '2021-08-19 00:59:42'),
(77, 'dd', 'dd', NULL, NULL, 1, '2021-08-19 00:59:42', '2021-08-19 00:59:42'),
(78, 'TestTranslate0818', 'TestTranslate0818-1', 'TestTranslate0818-1', NULL, 1, '2021-08-19 00:59:43', '2021-08-19 00:59:43'),
(79, 'Translation0818', 'Translation0818-1', NULL, NULL, 1, '2021-08-19 00:59:43', '2021-08-19 00:59:43'),
(80, 'Test0818', 'Test0818-1', NULL, NULL, 1, '2021-08-19 00:59:43', '2021-08-19 00:59:43'),
(81, 'Vocabulary1-1', 'Translate1-1', 'Sentennce 1', 'Sentennce Trasnate 1', 1, '2021-08-19 01:01:57', '2021-08-19 01:01:57'),
(82, 'Vocabulary2', 'Translate2', 'Sentennce 2', 'Sentennce Trasnate 2', 1, '2021-08-19 01:01:57', '2021-08-19 01:01:57'),
(83, 'Vocabulary3', 'Translate3', 'Sentennce 3', 'Sentennce Trasnate 3', 1, '2021-08-19 01:01:57', '2021-08-19 01:01:57'),
(84, 'Vocabulary4', 'Translate4', 'Sentennce 4', 'Sentennce Trasnate 4', 1, '2021-08-19 01:01:58', '2021-08-19 01:01:58'),
(85, 'asfd', 'asfasfd', 'asfasfd', NULL, 1, '2021-08-19 01:01:58', '2021-08-19 01:01:58'),
(86, 'sdfgsdf', 'gsdfgsdfg', 'asdfasdfsdg', NULL, 1, '2021-08-19 01:01:58', '2021-08-19 01:01:58'),
(87, 'tt', 'tt', NULL, NULL, 1, '2021-08-19 01:01:58', '2021-08-19 01:01:58'),
(88, 'dd', 'dd', NULL, NULL, 1, '2021-08-19 01:01:59', '2021-08-19 01:01:59'),
(89, 'TestTranslate0818', 'TestTranslate0818-1', 'TestTranslate0818-1', NULL, 1, '2021-08-19 01:01:59', '2021-08-19 01:01:59'),
(90, 'Translation0818', 'Translation0818-1', NULL, NULL, 1, '2021-08-19 01:01:59', '2021-08-19 01:01:59'),
(91, 'Test0818', 'Test0818-1', NULL, NULL, 1, '2021-08-19 01:01:59', '2021-08-19 01:01:59'),
(92, 'Vocabulary1-1', 'Translate1-1', 'Sentennce 1', 'Sentennce Trasnate 1', 1, '2021-08-19 01:03:24', '2021-08-19 01:03:24'),
(93, 'Vocabulary2', 'Translate2', 'Sentennce 2', 'Sentennce Trasnate 2', 1, '2021-08-19 01:03:24', '2021-08-19 01:03:24'),
(94, 'Vocabulary3', 'Translate3', 'Sentennce 3', 'Sentennce Trasnate 3', 1, '2021-08-19 01:03:24', '2021-08-19 01:03:24'),
(95, 'Vocabulary4', 'Translate4', 'Sentennce 4', 'Sentennce Trasnate 4', 1, '2021-08-19 01:03:24', '2021-08-19 01:03:24'),
(96, 'asfd', 'asfasfd', 'asfasfd', NULL, 1, '2021-08-19 01:03:25', '2021-08-19 01:03:25'),
(97, 'sdfgsdf', 'gsdfgsdfg', 'asdfasdfsdg', NULL, 1, '2021-08-19 01:03:25', '2021-08-19 01:03:25'),
(98, 'tt', 'tt', NULL, NULL, 1, '2021-08-19 01:03:25', '2021-08-19 01:03:25'),
(99, 'dd', 'dd', NULL, NULL, 1, '2021-08-19 01:03:25', '2021-08-19 01:03:25'),
(100, 'TestTranslate0818', 'TestTranslate0818-1', 'TestTranslate0818-1', NULL, 1, '2021-08-19 01:03:26', '2021-08-19 01:03:26'),
(101, 'Translation0818', 'Translation0818-1', NULL, NULL, 1, '2021-08-19 01:03:26', '2021-08-19 01:03:26'),
(102, 'Test0818', 'Test0818-1', NULL, NULL, 1, '2021-08-19 01:03:26', '2021-08-19 01:03:26'),
(103, 'Vocabulary1-1', 'Translate1-1', 'Sentennce 1', 'Sentennce Trasnate 1', 1, '2021-08-19 01:03:34', '2021-08-19 01:03:34'),
(104, 'Vocabulary2', 'Translate2', 'Sentennce 2', 'Sentennce Trasnate 2', 1, '2021-08-19 01:03:34', '2021-08-19 01:03:34'),
(105, 'Vocabulary3', 'Translate3', 'Sentennce 3', 'Sentennce Trasnate 3', 1, '2021-08-19 01:03:34', '2021-08-19 01:03:34'),
(106, 'Vocabulary4', 'Translate4', 'Sentennce 4', 'Sentennce Trasnate 4', 1, '2021-08-19 01:03:34', '2021-08-19 01:03:34'),
(107, 'asfd', 'asfasfd', 'asfasfd', NULL, 1, '2021-08-19 01:03:35', '2021-08-19 01:03:35'),
(108, 'sdfgsdf', 'gsdfgsdfg', 'asdfasdfsdg', NULL, 1, '2021-08-19 01:03:35', '2021-08-19 01:03:35'),
(109, 'tt', 'tt', NULL, NULL, 1, '2021-08-19 01:03:35', '2021-08-19 01:03:35'),
(110, 'dd', 'dd', NULL, NULL, 1, '2021-08-19 01:03:35', '2021-08-19 01:03:35'),
(111, 'TestTranslate0818', 'TestTranslate0818-1', 'TestTranslate0818-1', NULL, 1, '2021-08-19 01:03:35', '2021-08-19 01:03:35'),
(112, 'Translation0818', 'Translation0818-1', NULL, NULL, 1, '2021-08-19 01:03:36', '2021-08-19 01:03:36'),
(113, 'Test0818', 'Test0818-1', NULL, NULL, 1, '2021-08-19 01:03:36', '2021-08-19 01:03:36'),
(114, 'TestOne-1', 'TestOne-2', 'TestOne', NULL, 1, '2021-08-30 23:04:44', '2021-08-30 23:04:44'),
(115, 'aaa', 'bbb', 'ccc', NULL, 1, '2021-08-31 04:22:28', '2021-08-31 04:22:28'),
(116, 'abcdsdf1', 'absdcs2', 'adsfasdf', NULL, 12, '2021-09-18 18:26:43', '2021-09-18 18:26:49'),
(117, 'Vocabulary 1', 'Vocabulary 2', 'Sentence 1', 'Sentence 2', 1, '2021-09-22 02:20:32', '2021-09-22 02:20:32'),
(118, 'TestOne-1', 'TestOne-2', 'TestOne', NULL, 1, '2021-09-22 02:20:33', '2021-09-22 02:20:33'),
(119, 'Vocabulary 1', 'Vocabulary 2', 'Sentence 1', 'Sentence 2', 1, '2021-09-22 04:57:43', '2021-09-22 04:57:43'),
(120, 'Vocabulary 1', 'Vocabulary 2', 'Sentence 1', NULL, 1, '2021-09-22 04:57:43', '2021-09-22 04:57:43'),
(121, 'TestOne-1', 'TestOne-2', 'TestOne', NULL, 1, '2021-09-22 04:57:43', '2021-09-22 04:57:43'),
(122, 'Vocabulary 1', 'Vocabulary 2', 'Sentence 1', 'Sentence 2', 1, '2021-09-22 04:59:55', '2021-09-22 04:59:55'),
(123, 'Vocabulary 1', 'Vocabulary 2', 'Sentence 1', NULL, 1, '2021-09-22 04:59:55', '2021-09-22 04:59:55'),
(124, 'TestOne-1', 'TestOne-2', 'TestOne', NULL, 1, '2021-09-22 04:59:55', '2021-09-22 04:59:55'),
(125, 'Vocabulary 1', 'Vocabulary 2', 'Sentence 1', 'Sentence 2', 1, '2021-09-22 05:00:51', '2021-09-22 05:00:51'),
(126, 'Vocabulary 1', 'Vocabulary 2', 'Sentence 1', NULL, 1, '2021-09-22 05:00:52', '2021-09-22 05:00:52'),
(127, 'TestOne-1', 'TestOne-2', 'TestOne', NULL, 1, '2021-09-22 05:00:52', '2021-09-22 05:00:52'),
(128, 'Vocabulary 1', 'Vocabulary 2', 'Sentence 1', 'Sentence 2', 1, '2021-09-22 05:03:26', '2021-09-22 05:03:26'),
(129, 'Vocabulary 1', 'Vocabulary 2', 'Sentence 1', NULL, 1, '2021-09-22 05:03:27', '2021-09-22 05:03:27'),
(130, 'TestOne-1', 'TestOne-2', 'TestOne', NULL, 1, '2021-09-22 05:03:27', '2021-09-22 05:03:27'),
(131, 'Vocabulary 1', 'Vocabulary 2', 'Sentence 1', 'Sentence 2', 1, '2021-09-22 05:03:53', '2021-09-22 05:03:53'),
(132, 'TestOne-1', 'TestOne-2', 'TestOne', NULL, 1, '2021-09-22 05:03:54', '2021-09-22 05:03:54'),
(133, 'Vocabulary 1', 'Vocabulary 2', 'Sentence 1', 'Sentence 2', 1, '2021-09-23 00:32:42', '2021-09-23 00:32:42'),
(134, 'TestOne-1', 'TestOne-2', 'TestOne', NULL, 1, '2021-09-23 00:32:43', '2021-09-23 00:32:43'),
(135, 'Vocabulary 1', 'Vocabulary 2', 'Sentence 1', 'Sentence 2', 1, '2021-09-23 00:32:43', '2021-09-23 00:32:43'),
(136, 'Vocabulary 1', 'Vocabulary 2', 'Sentence 1', 'Sentence 2', 1, '2021-09-23 00:33:38', '2021-09-23 00:33:38'),
(137, 'TestOne-1', 'TestOne-2', 'TestOne', NULL, 1, '2021-09-23 00:33:38', '2021-09-23 00:33:38'),
(138, 'a11', 'a12', NULL, NULL, 1, '2021-10-06 16:36:53', '2021-10-06 16:36:53'),
(140, 'sd', 'df', 'rtert', NULL, 2, '2021-10-20 22:37:44', '2021-10-20 22:37:44');

-- --------------------------------------------------------

--
-- Table structure for table `users`
--

CREATE TABLE `users` (
  `id` bigint(20) UNSIGNED NOT NULL,
  `nickname` varchar(191) COLLATE utf8mb4_unicode_ci NOT NULL DEFAULT '',
  `email` varchar(191) COLLATE utf8mb4_unicode_ci NOT NULL,
  `email_verified_at` timestamp NULL DEFAULT NULL,
  `password` varchar(191) COLLATE utf8mb4_unicode_ci NOT NULL,
  `remember_token` varchar(100) COLLATE utf8mb4_unicode_ci DEFAULT NULL,
  `created_at` timestamp NULL DEFAULT NULL,
  `updated_at` timestamp NULL DEFAULT NULL
) ENGINE=InnoDB DEFAULT CHARSET=utf8mb4 COLLATE=utf8mb4_unicode_ci;

--
-- Dumping data for table `users`
--

INSERT INTO `users` (`id`, `nickname`, `email`, `email_verified_at`, `password`, `remember_token`, `created_at`, `updated_at`) VALUES
(1, 'TestUser', 'test@test.com', NULL, '$2y$10$GjB31KcWLzYASyX2ni9WseNd/wiQySbXhYqOy3GYOfV0Wb0nrTHOa', NULL, NULL, '2021-10-02 00:34:25'),
(2, 'TestUser1', 'test1@test.com', NULL, '$2y$10$sB15WUPC3GnzibufcMJ4pe4a06XXl3WF.pOOvpndMS/5rwy65cWvK', NULL, '2021-07-13 01:51:52', '2021-10-13 13:05:11'),
(3, '', 'test2@test.com', NULL, '$2y$10$UZLbUElvrxOg/CrDIS2/HOmranO2c0/DsK2Im90FFjxoeBIuhbd/C', NULL, '2021-07-26 23:05:30', '2021-07-26 23:05:30'),
(4, '', 'test6@test.com', NULL, '$2y$10$qcT.Ea.TFEMkJoVo9ALJ/.cvRIGAK6FBWacqlkjnKHAeS/UBntGbi', NULL, '2021-07-27 08:17:08', '2021-07-27 08:17:08'),
(5, '', 'test7@test.com', NULL, '$2y$10$mcUcE9qaKl7qnfJxkGn1i.czTYsuG2B2BXdLPXeZ2yNdSz4RQlF62', NULL, '2021-07-27 08:17:44', '2021-07-27 08:17:44'),
(6, '', 'test8@test.com', NULL, '$2y$10$dbnSZErWje3Q1cCs0wJ/RurTz9GhlaWxqEkhnPBpKuqO/C.5bQL5m', NULL, '2021-07-27 08:18:52', '2021-07-27 08:18:52'),
(7, '', 'test10@test', NULL, '$2y$10$7hOR9T1uAMWm/zz3v7hkteR2uRsObEEZzCcTV5diN3.I0cXeEa1iO', NULL, '2021-07-27 08:19:18', '2021-07-27 08:19:18'),
(8, '', 'test1@test1', NULL, '$2y$10$0LomgDz6fAyyXnXaNSs1dOiq4mH0l5T6dNJmuxhju4aIrI1bMV0/i', NULL, '2021-07-27 08:19:54', '2021-07-27 08:19:54'),
(9, '', 'test12@test1', NULL, '$2y$10$KXF8BIFYus47GHcOKiNx5O5pHpuh34s0IWZ2pPFYXoCvjgOIyAECO', NULL, '2021-07-27 08:20:28', '2021-07-27 08:20:28'),
(10, '', 'test55@test.com', NULL, '$2y$10$hemOUB1kzG5wCNQe48Eik.41IhWLDbtfJHa47613VGXYSZTlsNsMW', NULL, '2021-07-27 08:23:01', '2021-07-27 08:23:01'),
(11, '', 'test@tt.com', NULL, '$2y$10$u5a6.xpc5sO/MSUtRjHySuZwehv1urvM1j.ecTbdUD5v.Q8guX0Qe', NULL, '2021-07-28 06:06:08', '2021-07-28 06:06:08'),
(12, 'NicknameTest1', 'nickname@test.com', NULL, '$2y$10$nTKqmnmgJnCPyzePAZIsq.Insra7lvt45kzdrGjsqspCgqsSwI4ee', NULL, '2021-09-15 00:09:48', '2021-09-18 18:27:10'),
(13, 'abc', 'abc@abc.com', NULL, '$2y$10$DCgf4okxo0B7Y1scvj77Au.yNXEB1pyxSb3CHDLFzUPLzv1nJE5f2', NULL, '2021-09-30 02:06:33', '2021-09-30 02:06:33'),
(14, 'TestUser111', 'test111@test.com', NULL, '$2y$10$OfFM895q9g7lXkvrsjm2I.WtQLgGXgI8zWCZ/jWqwP5tdpIT8KP0u', NULL, '2021-09-30 07:17:34', '2021-09-30 07:17:34'),
(15, 'TestUser123', 'test123@test.com', NULL, '$2y$10$swTyEgvbEksgmixz.HEllewsxCPyIBPwUntE8xKyN5F9OTkD4FEEq', NULL, '2021-09-30 07:21:36', '2021-09-30 07:21:36');

--
-- Indexes for dumped tables
--

--
-- Indexes for table `failed_jobs`
--
ALTER TABLE `failed_jobs`
  ADD PRIMARY KEY (`id`),
  ADD UNIQUE KEY `failed_jobs_uuid_unique` (`uuid`);

--
-- Indexes for table `languages`
--
ALTER TABLE `languages`
  ADD PRIMARY KEY (`id`);

--
-- Indexes for table `migrations`
--
ALTER TABLE `migrations`
  ADD PRIMARY KEY (`id`);

--
-- Indexes for table `password_resets`
--
ALTER TABLE `password_resets`
  ADD KEY `password_resets_email_index` (`email`);

--
-- Indexes for table `quizlists`
--
ALTER TABLE `quizlists`
  ADD PRIMARY KEY (`id`);

--
-- Indexes for table `quizlist_translations`
--
ALTER TABLE `quizlist_translations`
  ADD PRIMARY KEY (`id`);

--
-- Indexes for table `stats`
--
ALTER TABLE `stats`
  ADD PRIMARY KEY (`id`);

--
-- Indexes for table `translations`
--
ALTER TABLE `translations`
  ADD PRIMARY KEY (`id`);

--
-- Indexes for table `users`
--
ALTER TABLE `users`
  ADD PRIMARY KEY (`id`),
  ADD UNIQUE KEY `users_email_unique` (`email`);

--
-- AUTO_INCREMENT for dumped tables
--

--
-- AUTO_INCREMENT for table `failed_jobs`
--
ALTER TABLE `failed_jobs`
  MODIFY `id` bigint(20) UNSIGNED NOT NULL AUTO_INCREMENT;

--
-- AUTO_INCREMENT for table `languages`
--
ALTER TABLE `languages`
  MODIFY `id` int(10) UNSIGNED NOT NULL AUTO_INCREMENT, AUTO_INCREMENT=185;

--
-- AUTO_INCREMENT for table `migrations`
--
ALTER TABLE `migrations`
  MODIFY `id` int(10) UNSIGNED NOT NULL AUTO_INCREMENT, AUTO_INCREMENT=21;

--
-- AUTO_INCREMENT for table `quizlists`
--
ALTER TABLE `quizlists`
  MODIFY `id` int(10) UNSIGNED NOT NULL AUTO_INCREMENT, AUTO_INCREMENT=42;

--
-- AUTO_INCREMENT for table `quizlist_translations`
--
ALTER TABLE `quizlist_translations`
  MODIFY `id` int(10) UNSIGNED NOT NULL AUTO_INCREMENT, AUTO_INCREMENT=142;

--
-- AUTO_INCREMENT for table `stats`
--
ALTER TABLE `stats`
  MODIFY `id` bigint(20) UNSIGNED NOT NULL AUTO_INCREMENT, AUTO_INCREMENT=291;

--
-- AUTO_INCREMENT for table `translations`
--
ALTER TABLE `translations`
  MODIFY `id` int(10) UNSIGNED NOT NULL AUTO_INCREMENT, AUTO_INCREMENT=141;

--
-- AUTO_INCREMENT for table `users`
--
ALTER TABLE `users`
  MODIFY `id` bigint(20) UNSIGNED NOT NULL AUTO_INCREMENT, AUTO_INCREMENT=16;
COMMIT;

/*!40101 SET CHARACTER_SET_CLIENT=@OLD_CHARACTER_SET_CLIENT */;
/*!40101 SET CHARACTER_SET_RESULTS=@OLD_CHARACTER_SET_RESULTS */;
/*!40101 SET COLLATION_CONNECTION=@OLD_COLLATION_CONNECTION */;
